+INFO,David@davejo.eclipse.co.uk,password,SEQUENCED,BAPTISMS,cp850
#,CCCC,David Newbury,Bedfordshire,bdfyieba.CSV,08-Nov-00
#,Credit,Mike Strange,
#,08-Nov-01
BDF,Yielden,St Fictional PR,,,30 Aug 1602,Paul,M,Thomas,,MAXEE,,,,
BDF,Yielden,St Fictional PR,,,23 Mar 1602/3,Richard,M,John,,GELL,,,,
BDF,Yielden,St Fictional PR,,,18 Sep 1603,Amy,F,Thomas,,BROMSHOULD,,,,
BDF,Yielden,St Fictional PR,,,02 Oct 1603,Harry,M,Harry,,HALLE,,,,
BDF,Yielden,St Fictional PR,,,16 Oct 1603,Elizabeth,F,Walter,,AUSTYNE,,,,
BDF,Yielden,St Fictional PR,,,23 Oct 1603,Alice,F,Robert,,FOSTER,,,,
BDF,Yielden,St Fictional PR,,,01 Jan 1603/4,Sarah,F,Thomas,,MAXEY,,,,
BDF,Yielden,St Fictional PR,,,09 Apr 1604,Walter,M,William,,HORSFORD,,,,
BDF,Yielden,St Fictional PR,,,09 Apr 1604,Ann,F,Thomas,,PARKER,,,,
BDF,Yielden,St Fictional PR,,,09 Apr 1604,Katherine,F,Edward,,DRABLE,,,,
BDF,Yielden,St Fictional PR,,,27 May 1604,Thomas,M,John,,GOUDE,,,,
BDF,Yielden,St Fictional PR,,,28 Jul 1605,Walter,M,John,,GELL,,,,
BDF,Yielden,St Fictional PR,,,15 Sep 1605,William,M,Thomas,,BROWMAL,,,,
BDF,Yielden,St Fictional PR,,,22 Sep 1605,William,M,William,,BEARE,,,,
BDF,Yielden,St Fictional PR,,,26 Jan 1605/6,Ellen,F,William,,HORSFORD,,,,
BDF,Yielden,St Fictional PR,,,31 Jan 1605/6,Walter,M,Thomas,,WHITTICK,,,,twin of Elizabeth
BDF,Yielden,St Fictional PR,,,31 Jan 1605/6,Elizabeth,F,Thomas,,WHITTICK,,,,twin of Walter
BDF,Yielden,St Fictional PR,,,02 Mar 1605/6,Alice,F,Henry,,HALL,,,,
BDF,Yielden,St Fictional PR,,,20 Jul 1606,John,M,Robert,,DRABLE,,,,
BDF,Yielden,St Fictional PR,,,07 Sep 1606,Edward,M,Robert,Agnes,MICHELL,,,,
BDF,Yielden,St Fictional PR,,,21 Sep 1606,Luke,M,Thomas,Margaret,MAXE,,,,
BDF,Yielden,St Fictional PR,,,21 Sep 1606,Elizabeth,F,Edward,Katherine,DRABLE,,,,
BDF,Yielden,St Fictional PR,,,01 Feb 1606/7,John,M,William,Ann,WILD,,,,
BDF,Yielden,St Fictional PR,,,01 Feb 1606/7,Ellen,F,Luke,Ellen,WHITTICK,,,,
BDF,Yielden,St Fictional PR,,,07 Oct 1607,Thomas,M,,Sibyl,,BARCOCK,,,
BDF,Yielden,St Fictional PR,,,16 Oct 1607,John,M,Thomas,Ellen,WHITTICK,,,,
BDF,Yielden,St Fictional PR,,,01 Nov 1607,Katherine,F,William,,GELL,,,,
BDF,Yielden,St Fictional PR,,,06 Dec 1607,Joan,F,Thomas,,PARKER,,,,
BDF,Yielden,St Fictional PR,,,06 Dec 1607,Elizabeth,F,John,,GELL,,,,junior
BDF,Yielden,St Fictional PR,,,25 Mar 1608,Thomas,M,Robert,Agnes,MICHELL,,,,
BDF,Yielden,St Fictional PR,,,10 Apr 1608,Goodith,F,William,Priscilla,LINFORD,,,,
BDF,Yielden,St Fictional PR,,,10 Apr 1608,Elizabeth,F,Thomas,Frances,BROMALL,,,,
BDF,Yielden,St Fictional PR,,,11 Dec 1608,Edward,M,Edward,Katherine,DRABLE,,,,
BDF,Yielden,St Fictional PR,,,20 Jan 1608/9,Ann,F,Thomas,Margaret,PARKER,,,,
BDF,Yielden,St Fictional PR,,,05 Feb 1608/9,Francis,M,Luke,Agnes,WHITTICK,,,,
BDF,Yielden,St Fictional PR,,,25 Jun 1609,George,M,Thomas,Margaret,MAXEY,,,,
BDF,Yielden,St Fictional PR,,,26 Nov 1609,Joan,F,Robert,Agnes,MICHEL,,,,
BDF,Yielden,St Fictional PR,,,10 Dec 1609,Elizabeth,F,Hugh,Alice,BARCOCK,,,,
BDF,Yielden,St Fictional PR,,,17 Dec 1609,Robert,M,Robert,Joan,DRABLE,,,,
BDF,Yielden,St Fictional PR,,,17 Dec 1609,Grace,F,Simon,Elizabeth,WILLIAMS,,,,
BDF,Yielden,St Fictional PR,,,21 Jan 1609/10,George,M,William,Ann,WILDES,,,,
BDF,Yielden,St Fictional PR,,,02 Feb 1609/10,Ann,F,William,Elizabeth,GELL,,,,
BDF,Yielden,St Fictional PR,,,11 Mar 1609/10,Ellen,F,Thomas,Frances,BROMALL,,,,
BDF,Yielden,St Fictional PR,,,01 Apr 1610,John,M,George,Susan,WILDES,,,,
BDF,Yielden,St Fictional PR,,,03 Jun 1610,Joan,F,Matthew,Ellen,SADDINGTON,,,,
BDF,Yielden,St Fictional PR,,,26 Aug 1610,Elizabeth,F,James,Elizabeth,MAXEY,,,,
BDF,Yielden,St Fictional PR,,,30 Dec 1610,Elizabeth,F,William,Elizabeth,HORSFORD,,,,
BDF,Yielden,St Fictional PR,,,13 Jan 1610/1,John,M,Luke,Ann,WHITTICKE,,,,
BDF,Yielden,St Fictional PR,,,17 Feb 1610/1,William,M,Thomas,Ellen,WHITTICKE,,,,
BDF,Yielden,St Fictional PR,,,24 Mar 1610/1,Ellen,F,George,Susan,WILDES,,,,
BDF,Yielden,St Fictional PR,,,21 Apr 1611,Elizabeth,F,Hugh,Mary,MAXEY,,,,
BDF,Yielden,St Fictional PR,,,12 May 1611,Elizabeth,F,Gilbert,Elizabeth,WILDES,,,,
BDF,Yielden,St Fictional PR,,,12 Oct 1611,Simon,M,John,Ellen,WILDES,,,,
BDF,Yielden,St Fictional PR,,,09 Feb 1611/2,Hugh,M,James,Elizabeth,MAXEY,,,,
BDF,Yielden,St Fictional PR,,,11 Oct 1612,Thomas,M,Robert,Joan,DRABLE,,,,
BDF,Yielden,St Fictional PR,,,06 Dec 1612,Arthur,M,William,Ann,WILDE,,,,
BDF,Yielden,St Fictional PR,,,11 Feb 1612/3,Helen,F,Gilbert,Elizabeth,WILDE,,,,
BDF,Yielden,St Fictional PR,,,06 Feb 1612/3,Christopher,M,William,Elizabeth,HORSFORD,,,,
BDF,Yielden,St Fictional PR,,,07 Mar 1612/3,Grace,F,Hugh,Mary,MAXEY,,,,
BDF,Yielden,St Fictional PR,,,28 Mar 1613,William,M,George,Susan,WILDES,,,,
BDF,Yielden,St Fictional PR,,,22 Aug 1613,John,M,Thomas,Philadelphia,PENTLOWE,,,,
BDF,Yielden,St Fictional PR,,,29 Dec 1613,Eleanor,F,Simon,Elizabeth,WILLIAMS,,,,
BDF,Yielden,St Fictional PR,,,12 Feb 1614/5,Hugh,M,Hugh,Mary,MAXEY,,,,
BDF,Yielden,St Fictional PR,,,10 Apr 1615,Susan,F,John,Ellen,WILDES,,,,
BDF,Yielden,St Fictional PR,,,11 Jun 1615,Edward,M,Gilbert,Elizabeth,WILDES,,,,
BDF,Yielden,St Fictional PR,,,11 Jun 1615,Ann,F,George,Susan,WILDES,,,,
BDF,Yielden,St Fictional PR,,,18 Jun 1615,Robert,M,William,Grace,WHITE,,,,
BDF,Yielden,St Fictional PR,,,09 Jul 1615,Elizabeth,F,Edward,Elizabeth,JAMES,,,,
BDF,Yielden,St Fictional PR,,,21 Sep 1615,Alice,F,Thomas,Philadelphia,PENTLOW,,,,
BDF,Yielden,St Fictional PR,,,31 Dec 1615,James,M,James,Elizabeth,MAXEY,,,,
BDF,Yielden,St Fictional PR,,,07 Feb 1615/6,Elizabeth,F,John,Grace,PEARSE,,,,
BDF,Yielden,St Fictional PR,,,18 Feb 1615/6,William,M,William,Elizabeth,HORSFORD,,,,
BDF,Yielden,St Fictional PR,,,16 Feb 1616/7,Mary,F,Edward,Elizabeth,JAMES,,,,
BDF,Yielden,St Fictional PR,,,21 Apr 1617,Katherine,F,Hugh,Mary,MAXEY,,,,
BDF,Yielden,St Fictional PR,,,26 Oct 1617,Alice,F,Gilbert,Elizabeth,WYLES,,,,
BDF,Yielden,St Fictional PR,,,23 Nov 1617,William,M,Robert,Katherine,HALL,,,,
BDF,Yielden,St Fictional PR,,,03 Jul 1619,Elizabeth,F,Thomas,,PENTLOW,,,,
BDF,Yielden,St Fictional PR,,,06 Sep 1619,Ann,F,Edward,,JAMES,,,,
BDF,Yielden,St Fictional PR,,,12 Mar 1619/20,Gilbert,M,Gilbert,,WILES,,,,
BDF,Yielden,St Fictional PR,,,26 Mar 1620,Robert,M,Robert,,HALL,,,,
BDF,Yielden,St Fictional PR,,,30 Apr 1620,Luke,M,Luke,,WHITTICKE,,,,
BDF,Yielden,St Fictional PR,,,09 May 1620,Hugh,M,Hugh,,MAXSE,,,,
BDF,Yielden,St Fictional PR,,,12 Feb 1620/1,Elizabeth,F,William,,JOHNSON,,,,
BDF,Yielden,St Fictional PR,,,20 Feb 1620/1,Helen,F,Robert,,EASTON,,,,
BDF,Yielden,St Fictional PR,,,18 Mar 1620/1,Thomas,M,George,,WILES,,,,
BDF,Yielden,St Fictional PR,,,01 Oct 1620,Mary,F,George,,PAKE,,,,
BDF,Yielden,St Fictional PR,,,17 Jun 1621,Elizabeth,F,Thomas,Elizabeth,CORLEY,,,,
BDF,Yielden,St Fictional PR,,,17 Jun 1621,Ann,F,Thomas,Philadelphia,PENTLOWE,,,,
BDF,Yielden,St Fictional PR,,,15 Jul 1621,William,M,Thomas,,GELL,,,,
BDF,Yielden,St Fictional PR,,,26 Dec 1621,Elizabeth,F,Thomas,Margaret,WOODWARD,,,,
BDF,Yielden,St Fictional PR,,,07 Apr 1622,Helen,F,Edward,Elizabeth,JAMES ALIAS ASPIN,,,,
BDF,Yielden,St Fictional PR,,,11 Aug 1622,Ann,F,John,Ann,GORE,,,,
BDF,Yielden,St Fictional PR,,,20 Sep 1622,John,M,John,Jane,GOODE,,,,
BDF,Yielden,St Fictional PR,,,11 Oct 1622,Richard,M,Richard,Varney,SAMWELL,,,,
BDF,Yielden,St Fictional PR,,,16 Nov 1622,John,M,Robert,Joan,ESTON,,,,
BDF,Yielden,St Fictional PR,,,08 Dec 1622,William,M,William,Helen,WYLES,,,,
BDF,Yielden,St Fictional PR,,,26 Dec 1622,Elizabeth,F,Thomas,Frances,BEARNE,,,,
BDF,Yielden,St Fictional PR,,,02 Mar 1622/3,Isabel,F,Joseph,Alice,BENSFORD,,,,
BDF,Yielden,St Fictional PR,,,09 Mar 1622/3,Robert,M,George,Thomasin,PEAKE,,,,
BDF,Yielden,St Fictional PR,,,31 Jul 1623,Ellen,F,Thomas,,CORLE,,,,
BDF,Yielden,St Fictional PR,,,30 Aug 1623,Margaret,F,John,,POCKLYNTON,,,,
BDF,Yielden,St Fictional PR,,,20 Oct 1623,Agnes,F,Robert,,HALL,,,,
BDF,Yielden,St Fictional PR,,,27 Mar 1623,Thomas,M,John,,GOODE,,,,Possibly 1624
BDF,Yielden,St Fictional PR,,,11 Apr 1623,Elizabeth,F,George,,WILLES,,,,
BDF,Yielden,St Fictional PR,,,20 Jun 1624,Margaret,F,Thomas,,GELL,,,,
BDF,Yielden,St Fictional PR,,,17 Jun 1624,Elizabeth,F,William,,WILLES,,,,
BDF,Yielden,St Fictional PR,,,25 Jun 1624,Margaret,F,Thomas,,WODWARD,,,,
BDF,Yielden,St Fictional PR,,,25 Jun 1624,Emma,F,Thomas,,WODWARD,,,,
BDF,Yielden,St Fictional PR,,,29 Aug 1624,Thomas,M,Thomas,,PENLO,,,,
BDF,Yielden,St Fictional PR,,,31 Oct 1624,Oliver,M,John,,POCKLYNTON,,,,
BDF,Yielden,St Fictional PR,,,04 Nov 1624,William,M,Thomas,,THROSELL,,,,
BDF,Yielden,St Fictional PR,,,12 Jan 1624/5,Agnes,F,Thomas,,BARNES,,,,
BDF,Yielden,St Fictional PR,,,16 Jan 1624/5,John,M,Richard,,SAMWORTH,,,,
BDF,Yielden,St Fictional PR,,,04 Sep 1625,Thomas,M,Joseph,Alice,BRYCFORD,,,,
BDF,Yielden,St Fictional PR,,,18 Sep 1625,Elizabeth,F,Thomas,Philadelphia,PENLO,,,,
BDF,Yielden,St Fictional PR,,,10 Nov 1625,Mary,F,Thomas,Elizabeth,CORLE,,,,
BDF,Yielden,St Fictional PR,,,10 Nov 1625,Mary,F,Hugh,Mary,MAXE,,,,
BDF,Yielden,St Fictional PR,,,10 Nov 1625,Margaret,F,John,Jane,GOODE,,,,
BDF,Yielden,St Fictional PR,,,30 Apr 1626,Henry,M,Henry,Elizabeth,MYLLER,,,,
BDF,Yielden,St Fictional PR,,,16 Jul 1626,Ann,F,Thomas,Ann,GELL,,,,
BDF,Yielden,St Fictional PR,,,20 Aug 1626,Edward,M,John,Jane,GOODE,,,,
BDF,Yielden,St Fictional PR,,,24 Sep 1626,Mary,F,Gilbert,Elizabeth,WILES,,,,
BDF,Yielden,St Fictional PR,,,05 Nov 1626,Thomas,M,Jeremiah,Alice,CLARIDGE,,,,
BDF,Yielden,St Fictional PR,,,13 Dec 1626,John,M,John,Ann,POCKLINGTON,,,docter of divinity,
BDF,Yielden,St Fictional PR,,,17 Dec 1626,Thomas,M,William,Elizabeth,GELL,,,,
BDF,Yielden,St Fictional PR,,,20 Dec 1626,Sarah,F,Thomas,Elizabeth,CORLEY,,,,
BDF,Yielden,St Fictional PR,,,04 Mar 1626/7,William,M,Thomas,Margaret,WOODWARD,,,,
BDF,Yielden,St Fictional PR,,,11 Mar 1626/7,Elizabeth,F,George,Susan,WILLES,,,,
BDF,Yielden,St Fictional PR,,,11 Mar 1626/7,Francis,M,Thomas,Frances,BARNES,,,,
BDF,Yielden,St Fictional PR,,,18 Mar 1626/7,Hugh,M,Robert,Katherine,HALL,,,,
BDF,Yielden,St Fictional PR,,,08 Apr 1627,Ann,F,Paul,Ann,GODFEREY,,,,
BDF,Yielden,St Fictional PR,,,06 May 1627,Ann,F,William,Ellen,WILES,,,,
BDF,Yielden,St Fictional PR,,,03 Jun 1627,Thomas,M,Thomas,Alice,NEWCUM,,,,
BDF,Yielden,St Fictional PR,,,14 Jun 1627,William,M,Walter,Ann,HOWSFORD,,,,
BDF,Yielden,St Fictional PR,,,14 Jun 1627,Ann,F,Walter,Ann,HOWSFORD,,,,
BDF,Yielden,St Fictional PR,,,07 Oct 1627,Simon,M,Robert,Elizabeth,BECKET,,,,
BDF,Yielden,St Fictional PR,,,25 Nov 1627,Mary,F,William,Mary,HALL,,,,
BDF,Yielden,St Fictional PR,,,02 Dec 1627,Elizabeth,F,John,Ann,POCLINTON,,,docter of divinity,
BDF,Yielden,St Fictional PR,,,05 Dec 1627,William,M,William,Crisily,IVERSONNE,,,,
BDF,Yielden,St Fictional PR,,,18 Feb 1627/8,William,M,Joseph,Alice,BRIDGFORD,,,,
BDF,Yielden,St Fictional PR,,,08 Feb 1627/8,Alice,F,Jeremiah,Alice,CLARREDGE,,,,
BDF,Yielden,St Fictional PR,,,29 Jun 1628,Christopher,M,Walter,Agnes,HORSFORD,,,,
BDF,Yielden,St Fictional PR,,,15 Aug 1628,Thomas,M,Thomas,Philadelphia,PENTLOE,,,,
BDF,Yielden,St Fictional PR,,,21 Sep 1628,William,M,William,Elizabeth,BEARE,,,,
BDF,Yielden,St Fictional PR,,,23 Nov 1628,William,M,William,Chrysille,IVORSON,,,,
BDF,Yielden,St Fictional PR,,,07 Dec 1628,Grace,F,John,Ann,GORE,,,,
BDF,Yielden,St Fictional PR,,,08 Feb 1628/9,Helen,F,William,Helen,WYLES,,,,
BDF,Yielden,St Fictional PR,,,31 May 1629,Margaret,F,Henry,Elizabeth,MILLER,,,,
BDF,Yielden,St Fictional PR,,,30 Nov 1629,George,M,George,Susan,WYLES,,,,
BDF,Yielden,St Fictional PR,,,20 Dec 1629,Ursula,F,Thomas,Margaret,WOODWARD,,,,
BDF,Yielden,St Fictional PR,,,26 Dec 1629,Robert,M,Thomas,Frances,BERNE,,,,
BDF,Yielden,St Fictional PR,,,09 Feb 1629/30,Ann,F,Simon,Ann,WILLIAMSON,,,,
BDF,Yielden,St Fictional PR,,,29 Mar 1630,Jeremy,M,Jeremy,Alice,CLARIDGE,,,,
BDF,Yielden,St Fictional PR,,,04 Apr 1630,George,M,Robert,Katherine,HALL,,,,
BDF,Yielden,St Fictional PR,,,06 Jun 1630,Thomas,M,Thomas,Elizabeth,CORLEY,,,,
BDF,Yielden,St Fictional PR,,,06 Jun 1630,Elizabeth,F,Christopher,Grace,DRABLE,,,,
BDF,Yielden,St Fictional PR,,,03 Oct 1630,Elizabeth,F,John,Amy,GORE,,,,
BDF,Yielden,St Fictional PR,,,01 Nov 1630,Susan,F,Joseph,Alice,BRIDGFORD,,,,
BDF,Yielden,St Fictional PR,,,07 Nov 1630,Thomas,M,William,Elizabeth,BEARE,,,,
BDF,Yielden,St Fictional PR,,,07 Nov 1630,Joan,F,William,Helen,WYLES,,,,Register has Joanna
BDF,Yielden,St Fictional PR,,,13 Feb 1630/1,Elizabeth,F,Silvester,Helen,BRAY,,,,
BDF,Yielden,St Fictional PR,,,20 Feb 1630/1,Elizabeth,F,Thomas,Agnes,GELL,,,,
BDF,Yielden,St Fictional PR,,,11 Sep 1631,Thomas,M,William,Chrysille,IVERSON,,,,
BDF,Yielden,St Fictional PR,,,02 Oct 1631,Ann,F,Christopher,Grace,DRABLE,,,,
BDF,Yielden,St Fictional PR,,,03 Jun 1632,Amy,F,George,Susan,WILLES,,,,
BDF,Yielden,St Fictional PR,,,24 Jun 1632,John,M,John,Amy,GORE,,,,
BDF,Yielden,St Fictional PR,,,07 Oct 1632,William,M,William,Helen,WILLES,,,,
BDF,Yielden,St Fictional PR,,,17 Mar 1632/3,Christopher,M,Richard,Verney,SAMWORTH,,,,
BDF,Yielden,St Fictional PR,,,19 Apr 1635,Judith,F,William,Helen,WILLES,,,,
BDF,Yielden,St Fictional PR,,,19 Apr 1635,Grace,F,Christopher,Grace,DRABLE,,,,
BDF,Yielden,St Fictional PR,,,13 Sep 1635,William,M,William,Elizabeth,WILLIAMSONNE,,,,
BDF,Yielden,St Fictional PR,,,08 Nov 1635,Elizabeth,F,William,Elizabeth,BEARE,,,,
BDF,Yielden,St Fictional PR,,,15 Nov 1635,Ann,F,Richard,Susan,GELL,,,,
BDF,Yielden,St Fictional PR,,,06 Mar 1635/6,Matthew,M,William,Chrysylle,IVERSON,,,,
BDF,Yielden,St Fictional PR,,,03 Apr 1636,George,M,George,Susan,WILLES,,,,At end of B.T. for 1635-36
BDF,Yielden,St Fictional PR,,,17 Apr 1636,John,M,John,Agnes,GELL,,,,At end of B.T. for 1635-36
BDF,Yielden,St Fictional PR,,,25 Mar 1638,Alice,F,William,Elizabeth,BARE,,,,
BDF,Yielden,St Fictional PR,,,01 Apr 1638,Mary,F,Richard,Susan,GELL,,,,
BDF,Yielden,St Fictional PR,,,02 Sep 1638,Rebecca,F,William,Ellen,WILES,,,,senior
BDF,Yielden,St Fictional PR,,,07 Oct 1638,Alice,F,Robert,Ann,DARLINGE,,,,
BDF,Yielden,St Fictional PR,,,10 Feb 1638/9,Francis,M,John,Ann,GORE,,,,
BDF,Yielden,St Fictional PR,,,10 Feb 1638/9,Richard,M,Jeremy,Alice,CLARRIDGE,,,,
BDF,Yielden,St Fictional PR,,,24 Mar 1638/9,William,M,William,Ann,HORSFORD,,,,
BDF,Yielden,St Fictional PR,,,25 Aug 1639,John,M,Simon,Elizabeth,WILLIAMSON,,,,
BDF,Yielden,St Fictional PR,,,01 Dec 1639,John,M,John,Prudence,WHITTICKE,,,,
BDF,Yielden,St Fictional PR,,,11 Jan 1639/40,Oliver,M,John,Margaret,BARNARDISTON,,,,
BDF,Yielden,St Fictional PR,,,26 Jan 1639/40,Thomas,M,Richard,Bridget,GLOVER,,,,
BDF,Yielden,St Fictional PR,,,11 Oct 1640,Margaret,F,William,Elizabeth,BEARO,,,,
BDF,Yielden,St Fictional PR,,,10 Jan 1640/1,Susan,F,Robert,Ann,DARLING,,,,
BDF,Yielden,St Fictional PR,,,16 Jan 1640/1,Francis,M,William,Ann,HORSFORD,,,,
BDF,Yielden,St Fictional PR,,,03 Feb 1640/1,Grace,F,Robert,Katherine,HALLE,,,,
BDF,Yielden,St Fictional PR,,,03 Feb 1640/1,Margaret,F,Richard,Susan,GELLE,,,,
BDF,Yielden,St Fictional PR,,,07 Mar 1640/1,William,M,William,Elizabeth,WILLES,,,,
BDF,Yielden,St Fictional PR,,,04 Apr 1641,Ann,F,Thomas,Frances,BEARNOS,,,,At end of B.T. for 1640-41
BDF,Yielden,St Fictional PR,,,16 Dec 1653,Ann,F,William,Martha,DELL,,,,
BDF,Yielden,St Fictional PR,,,21 Dec 1653,Thomas,M,Josiah,Agnes,GOBBY,,,,Register has Josias
BDF,Yielden,St Fictional PR,,,02 Mar 1653/4,Ann,F,Francis,Ann,NORTHFEILD,,,,
BDF,Yielden,St Fictional PR,,,11 Mar 1653/4,William,M,John,Elizabeth,COOKE,,,,
BDF,Yielden,St Fictional PR,,,07 Apr 1654,Margaret,F,Richard,Margaret,HIPWELL,,,,
BDF,Yielden,St Fictional PR,,,19 Jun 1654,Elizabeth,F,John,Margaret,BEECHER,,,,
BDF,Yielden,St Fictional PR,,,26 Jun 1654,William,M,Richard,Susan,SAMUELL,,,,
BDF,Yielden,St Fictional PR,,,14 Jul 1654,Elizabeth,F,Robert,Susan,FAIRAY,,,,
BDF,Yielden,St Fictional PR,,,08 Aug 1654,Amy,F,Edward,Amy,BAS,,,,
BDF,Yielden,St Fictional PR,,,17 Aug 1654,Thomas,M,William,Joan,WILLIAMSON,,,,
BDF,Yielden,St Fictional PR,,,28 Sep 1654,Sarah,F,John,Sarah,GUGIN,,,,
BDF,Yielden,St Fictional PR,,,04 Dec 1654,Thomas,M,Richard,Elizabeth,ADDINGTON,,,,
BDF,Yielden,St Fictional PR,,,13 Dec 1654,Margaret,F,Fabian,Mary,ASSACKE,,,,
BDF,Yielden,St Fictional PR,,,11 Jan 1654/5,Elizabeth,F,Thomas,Mary,CORLEY,,,,
BDF,Yielden,St Fictional PR,,,17 Feb 1654/5,Naomi,F,Thomas,Naomi,PENTLOE,,,,
BDF,Yielden,St Fictional PR,,,19 Feb 1654/5,Elizabeth,F,John,Elizabeth,COOKE,,,,
BDF,Yielden,St Fictional PR,,,02 Apr 1655,John,M,Wilmer,Grace,FAWSCOTE,,,,
BDF,Yielden,St Fictional PR,,,12 Apr 1655,Mary,F,John,Naomi,PINKRIDGE,,,,
BDF,Yielden,St Fictional PR,,,10 May 1655,Millicent,F,Gilbert,Elizabeth,BOONE,,,gent,
BDF,Yielden,St Fictional PR,,,16 May 1655,Nathaniel,M,William,Martha,DELL,,,rector,
BDF,Yielden,St Fictional PR,,,11 Jun 1655,Mary,F,Josiah,Agnes,GOBBY,,,,
BDF,Yielden,St Fictional PR,,,16 Jul 1655,Frances,F,John,Margaret,BEECHER,,,gent,
BDF,Yielden,St Fictional PR,,,11 Feb 1655/6,Isaac,M,William,Ann,HORSFORD,,,,
BDF,Yielden,St Fictional PR,,,24 Mar 1655/6,George,M,Richard,Margaret,HIPWELL,,,,
BDF,Yielden,St Fictional PR,,,10 Sep 1656,Francis,M,Richard,Susan,SAMWELL,,,,
BDF,Yielden,St Fictional PR,,,12 Sep 1656,Hannah,F,Fabian,Mary,ASSAKE,,,,
BDF,Yielden,St Fictional PR,,,26 Sep 1656,Mary,F,Edward,Amy,BASS,,,,
BDF,Yielden,St Fictional PR,,,16 Nov 1656,Susan,F,Josiah,Ann,GOBBY,,,,
BDF,Yielden,St Fictional PR,,,11 Dec 1656,Samuel,M,William,Ann,HALL,,,,
BDF,Yielden,St Fictional PR,,,15 Jan 1656/7,Barnardiston,M,John,Margaret,BEECHER,,,,
BDF,Yielden,St Fictional PR,,,24 Feb 1656/7,Valentine,M,Jeremiah,Alice,CLORIDGE,,,,
BDF,Yielden,St Fictional PR,,,16 Feb 1656/7,Mercy,F,William,Matthew,DELL,,,,
BDF,Yielden,St Fictional PR,,,02 Jul 1657,Grace,F,Wilmer,Grace,FOWSCOTE,,,,Register has Willmer
BDF,Yielden,St Fictional PR,,,11 Aug 1657,John,M,Richard,Elizabeth,ADINTON,,,,
BDF,Yielden,St Fictional PR,,,02 Feb 1657/8,Katherine,F,John,Margaret,BEECHER,,,gent,
BDF,Yielden,St Fictional PR,,,20 May 1658,Edy,F,Robert,Susan,FAIRY,,,,
BDF,Yielden,St Fictional PR,,,05 Sep 1658,Elizabeth,F,William,Elizabeth,HAWKYNS,,,,
BDF,Yielden,St Fictional PR,,,07 Dec 1658,Mary,F,John,Alice,COOKE,,,,
BDF,Yielden,St Fictional PR,,,24 Apr 1659,Margaret,F,John,Margaret,BECHER,,,gent,
BDF,Yielden,St Fictional PR,,,24 May 1659,Edward,M,Edward,Amy,BASS,,,,
BDF,Yielden,St Fictional PR,,,30 May 1659,John,M,Arthur,Elizabeth,BURGE,,,,
BDF,Yielden,St Fictional PR,,,26 Sep 1659,Mary,F,Richard,Elizabeth,ADDINGTON,,,,
BDF,Yielden,St Fictional PR,,,29 Sep 1659,Margaret,F,Thomas,Ursula,BROWNE,,,,
BDF,Yielden,St Fictional PR,,,25 Feb 1659/60,Grace,F,Josiah,Ann,GOBBY,,,,
BDF,Yielden,St Fictional PR,,,13 May 1660,Mary,F,Jeremiah,Alice,CLORIDGE,,,,
BDF,Yielden,St Fictional PR,,,06 Jun 1660,Elizabeth,F,Thomas,Elizabeth,ENFEILD,,,,
BDF,Yielden,St Fictional PR,,,01 Jul 1660,William,M,John,Alice,COOKE,,,,
BDF,Yielden,St Fictional PR,,,28 Oct 1660,Bridget,F,John,Margaret,BECHER,,,gent,
BDF,Yielden,St Fictional PR,,,08 Jan 1660/1,Mary,F,Thomas,Mary,GELL,,,,
BDF,Yielden,St Fictional PR,,,03 Mar 1660/1,Rebecca,F,Edward,Amy,BASS,,,,
BDF,Yielden,St Fictional PR,,,12 Mar 1660/1,Jane,F,William,Elizabeth,HAWKINS,,,,
BDF,Yielden,St Fictional PR,,,08 Dec 1661,Ellen,F,Josiah,,GOBBY,,,,
BDF,Yielden,St Fictional PR,,,23 Mar 1661/2,Elizabeth,F,John,,GELL,,,,junior
BDF,Yielden,St Fictional PR,,,15 Apr 1662,Elizabeth,F,Jeremiah,,CLORIDGE,,,,
BDF,Yielden,St Fictional PR,,,06 Jul 1662,John,M,John,Jane,GORE,,,carpenter,
BDF,Yielden,St Fictional PR,,,17 Aug 1662,Ann,F,William,Mary,WILLIAMSON,,,,
BDF,Yielden,St Fictional PR,,,27 Apr 1662,Hannah,F,John,,COOKE,,,,Interlinked in a different ink
BDF,Yielden,St Fictional PR,,,21 Aug 1662,Thomas,M,Thomas,Ursula,BROWNE,,,,
BDF,Yielden,St Fictional PR,,,24 Aug 1662,Mary,F,Thomas,Elizabeth,ENFEILD,,,,
BDF,Yielden,St Fictional PR,,,28 Dec 1662,William,M,Wilmer,Grace,FOSCOPRE,,,,Register has Wilmur
BDF,Yielden,St Fictional PR,,,18 Jan 1662/3,Henry,M,William,Eleanor,GOORE,,,carpenter,
BDF,Yielden,St Fictional PR,,,22 Feb 1662/3,John,M,Edward,Amy,BASS,,,,
BDF,Yielden,St Fictional PR,,,09 Aug 1663,Josiah,M,Josiah,Ann,GOBBY,,,,Register has Josias
BDF,Yielden,St Fictional PR,,,16 Aug 1663,Charity,F,William,,HAWKINS,,,,
BDF,Yielden,St Fictional PR,,,22 Nov 1663,Pheladelphia,F,Thomas,Elizabeth,ENFIELD,,,,
BDF,Yielden,St Fictional PR,,27 Feb 1663/4,14 Mar 1663/4,Josiah,M,Josiah,Audry,LAMPLUGH,,,,born Feb.27th; hor: undecim antemeridiem.
BDF,Yielden,St Fictional PR,,,26 Jun 1664,Elizabeth,F,Thomas,Mary,GELL,,,,
BDF,Yielden,St Fictional PR,,,10 Jul 1664,Elizabeth,F,William,Eleanor,GORE,,,,junior
BDF,Yielden,St Fictional PR,,,17 Jul 1664,William,M,William,Mary,WILLIAMSON,,,,alias Symonds
BDF,Yielden,St Fictional PR,,,31 Jul 1664,John,M,John,Judith,GORE,,,,Junior occurs only in B.T.
BDF,Yielden,St Fictional PR,,,14 Aug 1664,Jeremy,M,Jeremy,Alice,CLORIDG,,,,
BDF,Yielden,St Fictional PR,,,08 Oct 1664,John,M,John,Alice,COOKE,,,,Alice occurs only in B.T.
BDF,Yielden,St Fictional PR,,,20 Nov 1664,John,M,William,Mary,CLAPHAM,,,,Mary occurs only in B.T.
BDF,Yielden,St Fictional PR,,,22 Jan 1664/5,Ann,F,John,Ann,GELL,,,,junior; Ann occurs only in B.T.
BDF,Yielden,St Fictional PR,,,26 Jan 1664/5,William,M,William,Ann,WYLDE,,,,B.T. has Wyles
BDF,Yielden,St Fictional PR,,,22 Jul 1665,William,M,Thomas,Ursula,BROWN,,,,
BDF,Yielden,St Fictional PR,,04 Aug 1665,11 Aug 1665,Audry,F,Josiah,Audry,LAMPLUGH,,,rector,Born AU 4; hora tert: matut:
BDF,Yielden,St Fictional PR,,,04 Sep 1665,William,M,William,Isabel,HOUGHTON,,,,
BDF,Yielden,St Fictional PR,,,04 Sep 1665,Isabel,F,William,Isabel,HOUGHTON,,,,
BDF,Yielden,St Fictional PR,,,12 Nov 1665,John,M,William,Ann,HALL,,,,
BDF,Yielden,St Fictional PR,,,19 Nov 1665,Gilbert,M,Edward,Amy,BASS,,,,
BDF,Yielden,St Fictional PR,,,17 Jun 1666,Elizabeth,F,Richard,Ann,SAMWELL,,,,
BDF,Yielden,St Fictional PR,,,17 Jun 1666,Mary,F,John,Judith,GORE,,,,junior
BDF,Yielden,St Fictional PR,,15 Jul 1666,30 Jul 1666,John,M,Josiah,Audry,LAMPLUGH,,,rector,born July 15; horas inter dec. et 11 mam antemeridiem
BDF,Yielden,St Fictional PR,,,01 Oct 1666,Matthew,M,William,Ann,WYLD,,,,
BDF,Yielden,St Fictional PR,,,07 Oct 1666,Elizabeth,F,William,Mary,SIMONDS ALIAS WILLIAMSON.,,,,
BDF,Yielden,St Fictional PR,,,14 Oct 1666,Thomas,M,Thomas,Elizabeth,ENFIELD,,,,
BDF,Yielden,St Fictional PR,,,13 Jan 1666/7,William,M,William,Isabel,HOUGHTON,,,,
BDF,Yielden,St Fictional PR,,,03 Mar 1666/7,William,M,William,Elizabeth,HORSFORD,,,,junior
BDF,Yielden,St Fictional PR,,,20 Sep 1667,William,M,William,Ellen,GORE,,,,junior
BDF,Yielden,St Fictional PR,,,20 Oct 1667,Ann,F,Richard,Ann,SAMWELL,,,,
BDF,Yielden,St Fictional PR,,,14 Nov 1667,William,M,John,Judith,GORE,,,,junior
BDF,Yielden,St Fictional PR,,,27 Feb 1667/8,John,M,John,Ann,GELL,,,,junior
BDF,Yielden,St Fictional PR,,,07 Jan 1667/8,John,M,Thomas,Elizabeth,BROWN,,,,
BDF,Yielden,St Fictional PR,,,05 Jul 1668,Thomas,M,William,Mary,WILLIAMSON,,,,
BDF,Yielden,St Fictional PR,,,27 Sep 1668,John,M,Josiah,Ann,GOBBY,,,,Register has Josias
BDF,Yielden,St Fictional PR,,,16 Oct 1668,Elizabeth,F,John,Jane,GORE,,,,
BDF,Yielden,St Fictional PR,,,21 Dec 1668,Richard,M,Thomas,Mary,GELL,,,,
BDF,Yielden,St Fictional PR,,,26 Dec 1668,Thomas,M,Thomas,Ann,LOE,,,,
BDF,Yielden,St Fictional PR,,,31 Jan 1668/9,Mary,F,William,Isabel,HOUGHTON,,,,
BDF,Yielden,St Fictional PR,,,07 Feb 1668/9,Richard,M,Richard,Ann,SAMWELL,,,,
BDF,Yielden,St Fictional PR,,,14 Feb 1668/9,Ann,F,John,Alice,COOK,,,,
BDF,Yielden,St Fictional PR,,,18 Jun 1669,Richard,M,Jeremiah,Alice,CLORIDG,,,,
BDF,Yielden,St Fictional PR,,,29 Aug 1669,Judith,F,John,Judith,GORE,,,,
BDF,Yielden,St Fictional PR,,,10 Oct 1669,Elizabeth,F,Thomas,Elizabeth,BROWN,,,,
BDF,Yielden,St Fictional PR,,,17 Jul 1670,Elizabeth,F,Thomas,Judith,BURGE,,,,
BDF,Yielden,St Fictional PR,,,17 Jul 1670,Grace,F,William,Mary,DRABLE,,,,
BDF,Yielden,St Fictional PR,,,18 Sep 1670,Ann,F,Jeremy,Alice,CLORIDGE,,,,
BDF,Yielden,St Fictional PR,,,09 Oct 1670,Elizabeth,F,John,Elizabeth,SAMWELL,,,,
BDF,Yielden,St Fictional PR,,,11 Dec 1670,John,M,William,Elizabeth,MARSHALL,,,,
BDF,Yielden,St Fictional PR,,,01 Jan 1670/1,Ann,F,John,Ann,WHITTICK,,,,
BDF,Yielden,St Fictional PR,,,10 Jan 1670/1,Thomas,M,William,Mary,WILLIAMSON,,,,
BDF,Yielden,St Fictional PR,,,08 Feb 1670/1,Susan,F,Richard,Ann,SAMWELL,,,,
BDF,Yielden,St Fictional PR,,,05 Mar 1670/1,Elizabeth,F,Thomas,Mary,LOE,,,,
BDF,Yielden,St Fictional PR,,,12 Mar 1670/1,Mary,F,John,Ann,GELL,,,,
BDF,Yielden,St Fictional PR,,,12 Mar 1670/1,Richard,M,John,Alice,COOKE,,,,
BDF,Yielden,St Fictional PR,,,16 Jul 1671,Henry,M,John,Ursula,GELL,,,,
BDF,Yielden,St Fictional PR,,,30 Jul 1671,Elizabeth,F,John,Judith,GORE,,,,
BDF,Yielden,St Fictional PR,,,18 Feb 1671/2,John,M,William,Isabel,HOUGHTON,,,,
BDF,Yielden,St Fictional PR,,,17 Mar 1671/2,Mary,F,William,Mary,DRABLE,,,,
BDF,Yielden,St Fictional PR,,,12 May 1672,Ridley,M,Thomas,Elizabeth,BROWN,,,,
BDF,Yielden,St Fictional PR,,,20 Sep 1672,Elizabeth,F,John,Ursula,GELL,,,,junior
BDF,Yielden,St Fictional PR,,,06 Oct 1672,Mary,F,Thomas,Mary,LOE,,,,
BDF,Yielden,St Fictional PR,,,17 Nov 1672,William,M,Thomas,Judith,BURGE,,,,
BDF,Yielden,St Fictional PR,,,17 Nov 1672,William,M,Jeremy,Alice,CLORIDGE,,,,
BDF,Yielden,St Fictional PR,,,06 Apr 1673,Simon,M,Josiah,Ann,GOBBY,,,,Register has Josias
BDF,Yielden,St Fictional PR,,,08 Jun 1673,Elizabeth,F,William,Elizabeth,MARSHALL,,,,
BDF,Yielden,St Fictional PR,,,12 Aug 1673,Agnes,F,Ridley,Elizabeth,HORSFORD,,,,
BDF,Yielden,St Fictional PR,,,16 Oct 1673,William,M,William,Elizabeth,WHAITE,,,,Wiat occurs in B.T.
BDF,Yielden,St Fictional PR,,,23 Oct 1673,Thomas,M,Thomas,Mary,GELL,,,,
BDF,Yielden,St Fictional PR,,,22 Mar 1673/4,Mary,F,Thomas,Judith,BURGE,,,,
BDF,Yielden,St Fictional PR,,,29 Mar 1674,John,M,John,Ann,WHITTICK,,,,
BDF,Yielden,St Fictional PR,,,05 Apr 1674,Edward,M,John,Alice,COOK,,,,
BDF,Yielden,St Fictional PR,,,04 Oct 1674,Ralph,M,John,Ursula,GELL,,,,
BDF,Yielden,St Fictional PR,,,25 Oct 1674,Thomas,M,Thomas,Elizabeth,BROWN,,,,
BDF,Yielden,St Fictional PR,,,03 Dec 1674,Adam,M,Richard,Ann,SAMWELL,,,,
BDF,Yielden,St Fictional PR,,,05 Aug 1675,Thomas,M,John,Judith,GORE,,,,
BDF,Yielden,St Fictional PR,,,10 Jan 1675/6,Thomas,M,John,Mary,BASS,,,,Mary occurs only in B.T.
BDF,Yielden,St Fictional PR,,,18 Mar 1675/6,William,M,William,Elizabeth,MARSHALL,,,,
BDF,Yielden,St Fictional PR,,,02 Apr 1676,John,M,John,Ann,WHITTICK,,,,
BDF,Yielden,St Fictional PR,,,09 Apr 1676,Hannah,F,John,Alice,COOKE,,,,
BDF,Yielden,St Fictional PR,,,06 Aug 1676,John,M,John,Elizabeth,SAMWORTH,,,,
BDF,Yielden,St Fictional PR,,,10 Dec 1676,Charles,M,Thomas,Judith,BURGE,,,,
BDF,Yielden,St Fictional PR,,,22 Feb 1676/7,William,M,John,Ursula,GELL,,,,
BDF,Yielden,St Fictional PR,,,25 Mar 1677,Richard,M,William,Mary,DRABLE,,,,
BDF,Yielden,St Fictional PR,,,22 Jun 1677,Elizabeth,F,Thomas,Elizabeth,BROVRN,,,,
BDF,Yielden,St Fictional PR,,,05 Aug 1677,Hannah,F,Samuel,Alice,COREY,,,,Alice occurs only in B.T.
BDF,Yielden,St Fictional PR,,,19 Oct 1677,John,M,Edward,Grace,JOYCE,,,,
BDF,Yielden,St Fictional PR,,,25 Dec 1677,Simon,M,Richard,Ann,BASS,,,,Ann occurs only in B.T.
BDF,Yielden,St Fictional PR,,,22 Feb 1677/8,Elizabeth,F,Richard,Ann,SAMWELL,,,,Eliz written over Mary in a different ink; B.T. gives Mary
BDF,Yielden,St Fictional PR,,,30 Mar 1678,Alice,F,John,Ursula,GELL,,,,
BDF,Yielden,St Fictional PR,,,28 Jul 1678,William,M,Hugh,Ann,WYLD,,,,
BDF,Yielden,St Fictional PR,,,16 Nov 1678,Thomas,M,William,Elizabeth,MARSHALL,,,,
BDF,Yielden,St Fictional PR,,,04 Sep 1679,Mary,F,John,Elizabeth,SAMWELL,,,,
BDF,Yielden,St Fictional PR,,,05 Oct 1679,Thomas,M,Thomas,,WILLIAMSON,,,,
BDF,Yielden,St Fictional PR,,,05 Oct 1679,John,M,Richard,Ann,SAMWELL,,,,
BDF,Yielden,St Fictional PR,,,30 Nov 1679,Elizabeth,F,Edward,Grace,JOYCE,,,,
BDF,Yielden,St Fictional PR,,,11 Jan 1679/80,Mary,F,John,Ann,FAUSCOPR,,,,
BDF,Yielden,St Fictional PR,,,14 Mar 1679/80,Amy,F,John,Amy,PINCKRIDGE,,,,
BDF,Yielden,St Fictional PR,,,09 May 1680,William,M,William,Mary,DRABLE,,,,
BDF,Yielden,St Fictional PR,,,13 Sep 1680,Mary,F,Edward,,TOMBS,,,,
BDF,Yielden,St Fictional PR,,,17 Oct 1680,John,M,Robert,Ann,WHITE,,,,
BDF,Yielden,St Fictional PR,,,24 Nov 1680,James,M,Thomas,Judith,BURGE,,,,
BDF,Yielden,St Fictional PR,,,26 Nov 1680,John,M,Thomas,Jane,PENTLOE,,,,
BDF,Yielden,St Fictional PR,,,06 Feb 1680/1,Jane,F,Richard,,BASS,,,,
BDF,Yielden,St Fictional PR,,,06 Feb 1680/1,Mary,F,William,Elizabeth,MARSHALL,,,,
BDF,Yielden,St Fictional PR,,,03 Apr 1681,,F,Hugh,Ann,WYLD,,,,
BDF,Yielden,St Fictional PR,,,28 Aug 1681,Elizabeth,F,Robert,Edith,COOKE,,,,
BDF,Yielden,St Fictional PR,,,30 Oct 1681,John,M,Adam,Katherine,DIXEY,,,,
BDF,Yielden,St Fictional PR,,,13 Mar 1681/2,Rebecca,F,Richard,Ann,SAMWORTH,,,,Samwell occurs in B.T
BDF,Yielden,St Fictional PR,,,04 Jun 1682,Edward,M,John,Elizabeth,SMITH,,,,Occurs only in B.T.
BDF,Yielden,St Fictional PR,,,18 Mar 1682/3,Edward,M,Edward,Mary,TOMBES,ADDINGTON,,,reputed son of. Entry also occurs for 25 Mar 1683.
BDF,Yielden,St Fictional PR,,,27 Jun 1683,Elizabeth,F,William,Mary,DRABLE,,,,Mary occurs only in B.T.
BDF,Yielden,St Fictional PR,,,14 Oct 1683,Susan,F,Robert,Edith,COOK,,,,
BDF,Yielden,St Fictional PR,,,01 Oct 1683,Mary,F,Hugh,Ann,WYLD,,,,
BDF,Yielden,St Fictional PR,,,24 Aug 1684,Richard,M,John,Elizabeth,SAMWELL,,,,
BDF,Yielden,St Fictional PR,,,23 Nov 1684,Elizabeth,F,William,Elizabeth,MARSHALL,,,,
BDF,Yielden,St Fictional PR,,,15 Feb 1684/5,Jane,F,Thomas,Jane,PENTLOE,,,,
BDF,Yielden,St Fictional PR,,,15 Nov 1685,Hannah,F,Valentine,Hannah,CLORIDGE,,,,Hannah occurs only in B.T.
BDF,Yielden,St Fictional PR,,,13 Dec 1685,Sarah,F,Robert,,COOK,,,,
BDF,Yielden,St Fictional PR,,,07 Nov 1686,Ann,F,William,Mary,DRABLE,,,,
BDF,Yielden,St Fictional PR,,,06 Jan 1686/7,William,M,John,Elizabeth,SAMWELL,,,,
BDF,Yielden,St Fictional PR,,,28 Aug 1687,Elizabeth,F,John,Grace,BASS,,,,
BDF,Yielden,St Fictional PR,,,12 Dec 1687,Jeremy,M,Valentine,Hannah,CLORIDGE,,,,
BDF,Yielden,St Fictional PR,,,08 Jan 1687/8,Sarah,F,Richard,Ann,BASS,,,,
BDF,Yielden,St Fictional PR,,,27 Oct 1688,John,M,John,Grace,BASS,,,,
BDF,Yielden,St Fictional PR,,,02 Jun 1689,Elizabeth,F,John,Dorothy,LINDSEY,,,,Dorothy occurs only in B.T.
BDF,Yielden,St Fictional PR,,,06 Oct 1689,Ann,F,John,Susan,FOSKETT,,,,
BDF,Yielden,St Fictional PR,,,30 Mar 1690,Thomas,M,Thomas,Jane,PENTLOE,,,,
BDF,Yielden,St Fictional PR,,,01 Apr 1690,John,M,Thomas,Elizabeth,WILLIAMSON,,,,
BDF,Yielden,St Fictional PR,,,11 May 1690,Elizabeth,F,William,Elizabeth,COOK,,,,
BDF,Yielden,St Fictional PR,,,10 Aug 1690,Wilmur,M,John,Susan,FOSKET,,,,
BDF,Yielden,St Fictional PR,,,28 Oct 1690,Elizabeth,F,Valentine,Hannah,CLORIDGE,,,,
BDF,Yielden,St Fictional PR,,,28 Jan 1690/1,Peter,M,Adam,Amy,DIXON,,,,
BDF,Yielden,St Fictional PR,,,23 Apr 1691,Mary,F,Charles,Elizabeth,MOYER,,,,Mary occurs only in B.T.
BDF,Yielden,St Fictional PR,,,03 Nov 1691,Ruth,F,Robert,Ann,WHITE,,,,
BDF,Yielden,St Fictional PR,,,11 Feb 1691/2,William,M,William,Ann,BALDWYN,,,,Ann occurs only in B.T.
BDF,Yielden,St Fictional PR,,,01 May 1692,John,M,John,Susan,FOSKETT,,,,
BDF,Yielden,St Fictional PR,,,23 Oct 1692,William,M,William,Elizabeth,COOK,,,,
BDF,Yielden,St Fictional PR,,,11 Dec 1692,John,M,Matthew,Ann,BRYAN,,,,
BDF,Yielden,St Fictional PR,,,23 Jun 1693,Richard,M,Theophilus,Mary,LEECH,,,,
BDF,Yielden,St Fictional PR,,,02 Jul 1693,Adam,M,Adam,Amy,DIXON,,,,
BDF,Yielden,St Fictional PR,,,13 Sep 1693,William,M,John,Susan,FOSKET,,,,
BDF,Yielden,St Fictional PR,,,22 Oct 1693,Jeremiah,M,Thomas,Jane,PENTLOE,,,,
BDF,Yielden,St Fictional PR,,,19 Nov 1693,Ann,F,Robert,Edith,COOK,,,,
BDF,Yielden,St Fictional PR,,,19 Nov 1693,Susan,F,Robert,Edith,COOK,,,,
BDF,Yielden,St Fictional PR,,,15 Jul 1694,Dinah,F,Matthew,Ann,BRYAN,,,,
BDF,Yielden,St Fictional PR,,,07 Nov 1694,Simon,M,Simon,Elizabeth,CLAPHAM,,,,
BDF,Yielden,St Fictional PR,,,15 Jan 1694/5,Margaret,F,Joseph,Margaret,NORFIELD,,,,
BDF,Yielden,St Fictional PR,,,15 Mar 1694/5,Mary,F,Theophilus,Mary,LEECH,,,,
BDF,Yielden,St Fictional PR,,,26 May 1695,Mary,F,William,Elizabeth,COOK,,,,
BDF,Yielden,St Fictional PR,,,27 Oct 1695,Jonathan,M,John,Susan,FOSKET,,,,
BDF,Yielden,St Fictional PR,,,02 Jun 1696,Robert,M,Valentine,Hannah,CLORIDGE,,,,
BDF,Yielden,St Fictional PR,,,28 Jun 1696,Matthew,M,Matthew,Ann,BRYAN,,,,
BDF,Yielden,St Fictional PR,,,16 Aug 1696,Mary,F,Edward,Dorothy,JOYCE,,,,
BDF,Yielden,St Fictional PR,,,30 Aug 1696,William,M,John,Mary,CLAPHAM,,,,
BDF,Yielden,St Fictional PR,,,20 Sep 1696,Thomas,M,Robert,Edith,COOK,,,,
BDF,Yielden,St Fictional PR,,,11 Apr 1697,John,M,John,Ellen,HALL,,,,
BDF,Yielden,St Fictional PR,,,18 Apr 1697,Susan,F,John,Susan,FOSKETT,,,,
BDF,Yielden,St Fictional PR,,,05 Sep 1697,Elizabeth,F,Joseph,Margaret,NORFIELD,,,,
BDF,Yielden,St Fictional PR,,,21 Nov 1697,John,M,John,,CLAPHAM,,,,
BDF,Yielden,St Fictional PR,,,15 Nov 1697,William,M,Robert,,COOK,,,,
BDF,Yielden,St Fictional PR,,,02 Dec 1697,William,M,Thomas,Alice,PENTLOE,,,,
BDF,Yielden,St Fictional PR,,,02 Jan 1697/8,Ann,F,William,,COOK,,,,
BDF,Yielden,St Fictional PR,,,26 Jan 1697/8,Aaron,M,Matthew,Ann,BRIANT,,,,
BDF,Yielden,St Fictional PR,,23 Apr 1698,08 May 1698,Thomas,M,,,ELSON,,,,
BDF,Yielden,St Fictional PR,,14 May 1698,14 May 1698,Alice,F,,,CLARIDGE,,,,
BDF,Yielden,St Fictional PR,,,24 Jun 1698,William,M,,,WYLD,,,,
BDF,Yielden,St Fictional PR,,21 Jun 1698,24 Jun 1698,Ann,F,,,JOICE,,,,
BDF,Yielden,St Fictional PR,,18 Aug 1698,20 Aug 1698,Ann,F,,,HALL,,,,
BDF,Yielden,St Fictional PR,,10 Sep 1698,11 Sep 1698,Thomas,M,,,DICKS,,,,
BDF,Yielden,St Fictional PR,,07 Oct 1698,18 Oct 1698,Nicholas,M,,,FOSKETT,,,,
BDF,Yielden,St Fictional PR,,14 Jan 1698/9,18 Jan 1698/9,Mary,F,,,PENTLOE,,,,
BDF,Yielden,St Fictional PR,,,22 Feb 1698/9,Charles,M,Matthew,Ann,BRYAN,,,butcher,
BDF,Yielden,St Fictional PR,,18 Oct 1699,22 Oct 1699,Ann,F,Edward,,BASS,,,blacksmith,
BDF,Yielden,St Fictional PR,,,02 Dec 1699,Elizabeth,F,William,,WOOLSTON,,,,
BDF,Yielden,St Fictional PR,,,29 Dec 1699,James,M,Edward,,JOYCE,,,husbandman,
BDF,Yielden,St Fictional PR,,,03 Mar 1699/00,William,M,William,,ELSON,,,labourer,
BDF,Yielden,St Fictional PR,,,19 Mar 1699/00,John,M,Samuel,,LAY,,,,
BDF,Yielden,St Fictional PR,,,24 Mar 1699/00,Charles,M,Charles,,MEYRE,,,,
BDF,Yielden,St Fictional PR,,,14 Apr 1700,Mary,F,John,,HALL,,,,
BDF,Yielden,St Fictional PR,,,08 Sep 1700,John,M,Joseph,,NORTHFIELD,,,yeoman,
BDF,Yielden,St Fictional PR,,,06 Oct 1700,Sarah,F,William,,COOKE,,,poulterer,
BDF,Yielden,St Fictional PR,,,16 Feb 1700/1,William,M,Matthew,,BRYAN,,,butcher,
BDF,Yielden,St Fictional PR,,,01 Mar 1700/1,Thomas,M,Ridley,,BROWNE,,,farmer,
BDF,Yielden,St Fictional PR,,,04 Apr 1701,Richard,M,Edward,,BASS,,,,
BDF,Yielden,St Fictional PR,,,04 Apr 1701,Elizabeth,F,William,,ELSON,,,labourer,
BDF,Yielden,St Fictional PR,,,13 Apr 1701,Elizabeth,F,Henry,,SHARPE,,,labourer,
BDF,Yielden,St Fictional PR,,,29 May 1701,John,M,John,,WARREN,,,labourer,
BDF,Yielden,St Fictional PR,,,02 Nov 1701,Ann,F,William,,WOOLSTON,,,labourer,occupation from B.T.
BDF,Yielden,St Fictional PR,,,30 Nov 1701,Edward,M,William,,COOKE,,,poulterer,occupation from B.T.
BDF,Yielden,St Fictional PR,,,15 Feb 1701/2,Nicholas,M,John,,FOSCUE,,,pauper,
BDF,Yielden,St Fictional PR,,,04 Sep 1702,William,M,Henry,,SHARPE,,,labourer,
BDF,Yielden,St Fictional PR,,,08 Oct 1702,Mary,F,Edward,,BASS,,,blacksmith,
BDF,Yielden,St Fictional PR,,,11 Apr 1703,Mary,F,William,,ELSON,,,labourer,
BDF,Yielden,St Fictional PR,,,23 May 1703,Clarke,M,John,,FOSCUE,,,labourer,
BDF,Yielden,St Fictional PR,,,17 Oct 1703,Ridley,M,Ridley,,BROWNE,,,victualler,
BDF,Yielden,St Fictional PR,,,03 Nov 1703,John,M,Matthew,,BRYAN,,,butcher,
BDF,Yielden,St Fictional PR,,,05 Dec 1703,Mary,F,John,,NICHOLSON,,,,
BDF,Yielden,St Fictional PR,,,08 Dec 1703,William,M,John,,WARREN,,,,
BDF,Yielden,St Fictional PR,,,30 Jan 1703/4,Edward,M,Edward,,BASS,,,blacksmith,
BDF,Yielden,St Fictional PR,,,06 Feb 1703/4,William,M,,,,,,,reputed sonne of John Hall labourer of this Parish absent from his wife and unheard of these twenty months upwards was baptized.
BDF,Yielden,St Fictional PR,,,03 Apr 1704,John,M,John,,LINCEY,,,labourer,
BDF,Yielden,St Fictional PR,,,05 Apr 1704,Daniel,M,William,,LUG,,,labourer,
BDF,Yielden,St Fictional PR,,,09 Apr 1704,Mary,F,John,,JOICE,,,miller,
BDF,Yielden,St Fictional PR,,,18 Jun 1704,Mary,F,William,,BURGE,,,tailor,
BDF,Yielden,St Fictional PR,,,12 Jan 1704/5,William,M,Ridley,Ann,BROWNE,,,,
BDF,Yielden,St Fictional PR,,,21 Jan 1704/5,John,M,William,,ELSON,,,labourer,
BDF,Yielden,St Fictional PR,,,12 Feb 1704/5,Valentine,M,John,,WARREN,,,labourer,private as dangerously ill.
BDF,Yielden,St Fictional PR,,,11 Mar 1704/5,Thomas,M,John,,TEACH,,,labourer,
BDF,Yielden,St Fictional PR,,,25 Mar 1705,Sarah,F,Henry,,SHARPE,,,labourer,
BDF,Yielden,St Fictional PR,,,13 Jul 1705,Mary,F,William,Elizabeth,LONG,,,,
BDF,Yielden,St Fictional PR,,,26 Aug 1705,Hannah,F,William,,COOKE,,,poulterer,
BDF,Yielden,St Fictional PR,,,17 Jan 1705/6,John,M,John,Elizabeth,JOYCE,,,miller,
BDF,Yielden,St Fictional PR,,,03 Mar 1705/6,Elizabeth,F,Richard,Sarah,IVES,,,,Sarah occurs only in B.T.
BDF,Yielden,St Fictional PR,,,23 Jun 1706,Mary,F,John,Susan,FOSCUE,,,labourer,
BDF,Yielden,St Fictional PR,,,07 Sep 1706,Mary,F,William,,WOOLSTON,,,,priv. being ill.
BDF,Yielden,St Fictional PR,,,26 Oct 1706,Hannah,F,William,Elizabeth,ELLSON,,,,
BDF,Yielden,St Fictional PR,,,03 Nov 1706,Elizabeth,F,William,Elizabeth,LONG,,,,
BDF,Yielden,St Fictional PR,,,01 Dec 1706,John,M,John,Mary,NICHOLSON,,,,
BDF,Yielden,St Fictional PR,,,25 Dec 1706,John,M,Henry,Dorothy,SHARPE,,,,
BDF,Yielden,St Fictional PR,,,03 Jan 1706/7,Catherine,F,Thomas,Margaret,GELL,,,,
BDF,Yielden,St Fictional PR,,,19 Jan 1706/7,Sarah,F,John,Mary,WARREN,,,,
BDF,Yielden,St Fictional PR,,,25 Apr 1707,Ann,F,Ridley,Ann,BROWN,,,,
BDF,Yielden,St Fictional PR,,,27 Jun 1707,Elizabeth,F,John,Elizabeth,JOICE,,,,
BDF,Yielden,St Fictional PR,,,06 Jul 1707,William,F,John,Alice,GELL,,,,
BDF,Yielden,St Fictional PR,,,06 Jul 1707,Jane,F,John,Martha,TEACH,,,,
BDF,Yielden,St Fictional PR,,,06 Oct 1707,Elizabeth,F,Thomas,Elizabeth,ADDINGTON,,,,
BDF,Yielden,St Fictional PR,,,14 Oct 1707,Simon,M,Edward,Jane,BASS,,,,
BDF,Yielden,St Fictional PR,,,28 Dec 1707,Elizabeth,F,Thomas,Margaret,GELL,,,,
BDF,Yielden,St Fictional PR,,,28 Dec 1707,John,M,William,Elizabeth,COOK,,,,
BDF,Yielden,St Fictional PR,,,08 Apr 1708,Thomas,M,Thomas,Sarah,WILLIAMSON,,,,
BDF,Yielden,St Fictional PR,,,25 Apr 1708,Mary,F,William,Ellen,COLEMAN,,,,
BDF,Yielden,St Fictional PR,,,01 Aug 1708,Edward,M,John,Elizabeth,JOICE,,,,priv. being dangerously ill.
BDF,Yielden,St Fictional PR,,,01 Oct 1708,William,M,Richard,Sarah,IVES,,,,Interlined in a different ink; not in B.T.
BDF,Yielden,St Fictional PR,,,20 Feb 1708/9,Mary,F,William,Elizabeth,LONG,,,,
BDF,Yielden,St Fictional PR,,,04 Mar 1708/9,William,M,William,Hannah,WYLD,,,,priv. being dangerously ill.
BDF,Yielden,St Fictional PR,,,17 Apr 1709,Sarah,F,Henry,Dorothy,SHARPE,,,,
BDF,Yielden,St Fictional PR,,,24 Apr 1709,Simon,M,Edward,Jane,BASS,,,,
BDF,Yielden,St Fictional PR,,,27 May 1709,Elizabeth,F,Ridley,Ann,BROWN,,,,
BDF,Yielden,St Fictional PR,,,26 Jun 1709,William,M,John,Mary,WARREN,,,clerk,
BDF,Yielden,St Fictional PR,,,10 Sep 1709,Daniel,M,Edward,Mary,LEWIS,,,,
BDF,Yielden,St Fictional PR,,,06 Nov 1709,John,M,John,Martha,TEACH,,,,
BDF,Yielden,St Fictional PR,,,27 Nov 1709,Thomas,M,John,Alice,GELL,,,,
BDF,Yielden,St Fictional PR,,,27 Mar 1710,Susan,F,William,Helen,COLEMAN,,,,
BDF,Yielden,St Fictional PR,,,02 Apr 1710,John,M,William,Hannah,WYLD,,,,
BDF,Yielden,St Fictional PR,,,08 Oct 1710,Mary,F,Thomas,Elizabeth,ADDINGTON,,,weaver,occupation from B.T.
BDF,Yielden,St Fictional PR,,,12 Nov 1710,Rebecca,F,John,Elizabeth,JOICE,,,miller,occupation from B.T.
BDF,Yielden,St Fictional PR,,,26 Nov 1710,James,M,Richard,Sarah,IVES,,,,
BDF,Yielden,St Fictional PR,,,11 Mar 1710/1,Joseph,M,John,Mary,WARREN,,,clerk,
BDF,Yielden,St Fictional PR,,,15 Apr 1711,Susan,F,William,Elizabeth,LONG,,,Shepherd,occupation from B.T.
BDF,Yielden,St Fictional PR,,,25 May 1711,Richard,M,,,,,,,reputed son of John Hall labourer of this parish absent from his wife and unheard of these nine years upwards was baptized privately being dangerously ill.
BDF,Yielden,St Fictional PR,,,25 May 1711,Richard,M,Joseph,Ellen,NORFIELD,HALL,,,illegitimate; Ellen Hall occurs only in B.T.
BDF,Yielden,St Fictional PR,,,26 Aug 1711,Ann,F,William,Elizabeth,ELSON,,,,
BDF,Yielden,St Fictional PR,,,30 Sep 1711,Joseph,M,Henry,Dorothy,SHARPE,,,,
BDF,Yielden,St Fictional PR,,,05 Nov 1711,Jasper,M,Jasper,Jane,WAGSTAFFE,,,,
BDF,Yielden,St Fictional PR,,,04 Mar 1711/2,Elizabeth,F,John,Elizabeth,JOYCE,,,,
BDF,Yielden,St Fictional PR,,,27 Jul 1712,Henry,M,John,Alice,GELL,,,,
BDF,Yielden,St Fictional PR,,,27 Jul 1712,Jeremy,M,John,Martha,TEACH,,,,
BDF,Yielden,St Fictional PR,,,05 Oct 1712,Richard,M,John,Mary,WARREN,,,clerk,
BDF,Yielden,St Fictional PR,,,06 Oct 1712,John,M,William,Jane,SAMWORTH,,,,
BDF,Yielden,St Fictional PR,,,06 Oct 1712,Hannah,F,William,Hannah,WYLDS,,,,
BDF,Yielden,St Fictional PR,,,23 Nov 1712,Richard,M,William,Elizabeth,ELSON,,,,
BDF,Yielden,St Fictional PR,,,04 Dec 1712,Matthew,M,Matthew,Sarah,WYLDS,,,,
BDF,Yielden,St Fictional PR,,,08 Feb 1712/3,William,M,William,Helen,COLEMAN,,,,
BDF,Yielden,St Fictional PR,,,14 Apr 1713,Margaret,F,Thomas,Elizabeth,ADDINGTON,,,,
BDF,Yielden,St Fictional PR,,,31 May 1713,Richard,M,Richard,Sarah,IVES,,,,
BDF,Yielden,St Fictional PR,,,06 Sep 1713,Sarah,F,Pawlet,Elizabeth,ST JOHN,,,rector of this parish.,
BDF,Yielden,St Fictional PR,,,01 Jan 1713/4,Sarah,F,Matthew,Sarah,WYLDS,,,,
BDF,Yielden,St Fictional PR,,,10 Jan 1713/4,Elizabeth,F,William,Jane,SAMWORTH,,,,
BDF,Yielden,St Fictional PR,,,24 Jan 1713/4,William,M,George,Mary,GOODMAN,,,,
BDF,Yielden,St Fictional PR,,,18 Feb 1713/4,Gillian,F,Charles,Elizabeth,STANYAN,,,,Register has Juliana
BDF,Yielden,St Fictional PR,,,23 May 1714,Ann,F,Henry,Dorothy,SHARP,,,,
BDF,Yielden,St Fictional PR,,,27 Jun 1714,Sarah,F,William,Elizabeth,ELSON,,,,
BDF,Yielden,St Fictional PR,,,18 Jul 1714,Elizabeth,F,Robert,Elizabeth,WHITE,,,,
BDF,Yielden,St Fictional PR,,,22 Aug 1714,Pawlet,M,Pawlet,Elizabeth,ST JOHN,,,rector,
BDF,Yielden,St Fictional PR,,,29 Aug 1714,Sarah,F,William,Elizabeth,LONG,,,,
BDF,Yielden,St Fictional PR,,,14 Nov 1714,Sarah,F,John,Mary,WARREN,,,clerk,
BDF,Yielden,St Fictional PR,,,19 Nov 1714,William,M,Matthew,Sarah,WYLDS,,,,
BDF,Yielden,St Fictional PR,,,20 May 1715,Sarah,F,Richard,Elizabeth,GELL,,,,
BDF,Yielden,St Fictional PR,,,19 Jun 1715,Jane,F,Robert,Jane,COOK,,,,
BDF,Yielden,St Fictional PR,,,10 Jul 1715,Robert,M,Robert,Mary,MURKET,,,,
BDF,Yielden,St Fictional PR,,,23 Oct 1715,Sarah,F,John,Elizabeth,JUECE,,,,Juice occurs in B.T.
BDF,Yielden,St Fictional PR,,,25 Nov 1715,Thomas,M,Matthew,Sarah,WYLDES,,,,
BDF,Yielden,St Fictional PR,,,01 Jan 1715/6,George,M,George,Mary,GOODMAN,,,,
BDF,Yielden,St Fictional PR,,,01 Jan 1715/6,John,M,William,Ellen,COLEMAN,,,,
BDF,Yielden,St Fictional PR,,,20 Feb 1715/6,Richard,M,John,Alice,GELL,,,,
BDF,Yielden,St Fictional PR,,,22 Jan 1715/6,Mary,F,William,Jane,SAMWORTH,,,,
BDF,Yielden,St Fictional PR,,,02 Sep 1716,Mary,F,William,Hannah,WYLDS,,,,
BDF,Yielden,St Fictional PR,,,01 Oct 1716,Ann,F,Edward,Martha,BASS,,,,
BDF,Yielden,St Fictional PR,,,30 Oct 1716,John,M,Thomas,Ann,WPRTS,,,labourer,privately
BDF,Yielden,St Fictional PR,,,04 Dec 1716,William,M,William,Elizabeth,LONG,,,labourer,
BDF,Yielden,St Fictional PR,,,12 Jan 1716/7,Mary,F,John,Mary,WARREN,,,clerk,
BDF,Yielden,St Fictional PR,,,13 Jan 1716/7,William,M,John,Elizabeth,LENNARD,,,,
BDF,Yielden,St Fictional PR,,,08 Feb 1716/7,William,M,Robert,Elizabeth,WHITE,,,,
BDF,Yielden,St Fictional PR,,,15 Mar 1716/7,Thomas,M,Thomas,Elizabeth,ADDINTON,,,,
BDF,Yielden,St Fictional PR,,,12 May 1717,John,M,Matthew,Sarah,WYLDS,,,,
BDF,Yielden,St Fictional PR,,,09 Jun 1717,Susan,F,William,Elizabeth,ELLSON,,,,
BDF,Yielden,St Fictional PR,,,16 Jun 1717,Robert,M,Robert,Jane,COOK,,,,
BDF,Yielden,St Fictional PR,,,20 Aug 1717,Richard,M,John,Martha,KEACH,,,,B.T. has Cheach
BDF,Yielden,St Fictional PR,,,07 Oct 1717,Hannah,F,John,Elizabeth,JOICE,,,,
BDF,Yielden,St Fictional PR,,,22 Jan 1717/8,Sarah,F,William,Jane,SAMWORTH,,,,
BDF,Yielden,St Fictional PR,,,07 Feb 1717/8,Jane,F,Charles,Elizabeth,STANYAN,,,,Jane occurs only in B.T.
BDF,Yielden,St Fictional PR,,,23 Feb 1717/8,Hannah,F,William,Elizabeth,LONG,,,,
BDF,Yielden,St Fictional PR,,,23 Feb 1717/8,Alice,F,Henry,Dorothy,SHARP,,,,
BDF,Yielden,St Fictional PR,,,02 Mar 1717/8,Rebecca,F,Edward,Martha,BASS,,,,
BDF,Yielden,St Fictional PR,,,02 Mar 1717/8,David,M,James,Bridget,BARNES,,,,
BDF,Yielden,St Fictional PR,,,02 Mar 1717/8,Susan,F,Thomas,Ann,WPRTS,,,,
BDF,Yielden,St Fictional PR,,,27 Apr 1718,Mary,F,John,Elizabeth,LENNARD,,,,
BDF,Yielden,St Fictional PR,,,30 May 1718,Ellen,F,William,Ellen,COLEMAN,,,,
BDF,Yielden,St Fictional PR,,,23 Aug 1718,Elizabeth,F,Robert,Mary,MURKETT,,,,
BDF,Yielden,St Fictional PR,,,26 Oct 1718,Mary,F,Nicholas,,MPRTHEWS,,,,Register has and his wife
BDF,Yielden,St Fictional PR,,,15 Mar 1718/9,Mary,F,Charles,Elizabeth,STANYAN,,,,
BDF,Yielden,St Fictional PR,,,20 Mar 1718/9,Philip,M,Robert,Elizabeth,WHITE,,,,
BDF,Yielden,St Fictional PR,,,21 Mar 1718/9,Thomas,M,Jeremy,Ann,PENTLOE,,,,
BDF,Yielden,St Fictional PR,,,25 Apr 1719,Shelton,M,Robert,Jane,COOK,,,,
BDF,Yielden,St Fictional PR,,,23 Oct 1719,Mary,F,Thomas,Ann,WPRTS,,,,
BDF,Yielden,St Fictional PR,,,23 Dec 1719,Susan,F,Nicholas,,MPRTHEWS,,,,
BDF,Yielden,St Fictional PR,,,10 Jan 1719/20,William,M,John,Martha,KEECH,,,,
BDF,Yielden,St Fictional PR,,,14 Feb 1719/20,Jane,F,Richard,Katherine,IVES,,,,
BDF,Yielden,St Fictional PR,,,12 Mar 1719/20,Peter,M,John,Elizabeth,LENNARD,,,,
BDF,Yielden,St Fictional PR,,,01 Apr 1720,Joseph,M,William,Elizabeth,LONG,,,,
BDF,Yielden,St Fictional PR,,,01 Apr 1720,Benjamin,M,William,Elizabeth,LONG,,,,
BDF,Yielden,St Fictional PR,,,30 Apr 1720,Thomas,M,William,Hannah,WYLDS,,,,
BDF,Yielden,St Fictional PR,,,02 Jun 1720,Thomas,M,Richard,Elizabeth,GELL,,,,
BDF,Yielden,St Fictional PR,,,05 Jun 1720,William,M,William,Ann,COOK,,,,
BDF,Yielden,St Fictional PR,,,29 Jul 1720,Sarah,F,Robert,Mary,MURKET,,,,
BDF,Yielden,St Fictional PR,,,17 Sep 1720,Elizabeth,F,John,Ann,BARNS,,,,
BDF,Yielden,St Fictional PR,,,27 Nov 1720,Martha,F,Edward,Martha,BASS,,,,
BDF,Yielden,St Fictional PR,,,27 Nov 1720,Mary,F,John,Hannah,CLAPAM,,,,
BDF,Yielden,St Fictional PR,,,06 Jan 1720/1,Ann,F,Thomas,Ann,SKINNER,,,,
BDF,Yielden,St Fictional PR,,,12 Mar 1720/1,Robert,M,Robert,Elizabeth,WHITE,,,,
BDF,Yielden,St Fictional PR,,,12 Mar 1720/1,Elizabeth,F,Thomas,Ann,WPRTS,,,,
BDF,Yielden,St Fictional PR,,,12 Mar 1720/1,Mary,F,Nicholas,Susan,MPRTHEWS,,,,
BDF,Yielden,St Fictional PR,,,23 Jul 1721,Mary,F,Richard,Katherine,IVES,,,,
BDF,Yielden,St Fictional PR,,,01 Oct 1721,John,M,John,Elizabeth,LEONARD,,,,
BDF,Yielden,St Fictional PR,,,17 Dec 1721,Charles,M,Robert,Mary,MIRKETT,,,,
BDF,Yielden,St Fictional PR,,,25 Mar 1722,John,M,John,Hannah,CLAPHAM,,,,
BDF,Yielden,St Fictional PR,,,01 Apr 1722,Robert,M,William,Ann,COOK,,,,
BDF,Yielden,St Fictional PR,,,29 Apr 1722,Elizabeth,F,Nicholas,Susan,MPRHEWS,,,,
BDF,Yielden,St Fictional PR,,,29 Jul 1722,Ann,F,James,Bridget,BARNS,,,,
BDF,Yielden,St Fictional PR,,,07 Oct 1722,Ann,F,Thomas,Ann,WPRTS,,,,
BDF,Yielden,St Fictional PR,,,04 Nov 1722,David,M,Jonathan,Elizabeth,FOSCUE,,,miller,
BDF,Yielden,St Fictional PR,,,17 Feb 1722/3,Elizabeth,F,Edward,Martha,BASS,,,blacksmith,
BDF,Yielden,St Fictional PR,,,10 Mar 1722/3,William,M,Robert,Mary,MIRKETT,,,,
BDF,Yielden,St Fictional PR,,,19 Mar 1722/3,Thomas,M,Robert,Ann,COOK,,,,
BDF,Yielden,St Fictional PR,,,02 Jun 1723,John,M,John,Mary,CLAPHAM,,,labourer,John altered into Will
BDF,Yielden,St Fictional PR,,,02 Aug 1723,Elizabeth,F,Edward,Mary,LEWIS,,,,
BDF,Yielden,St Fictional PR,,,04 Aug 1723,Mary,F,William,Elizabeth,COOK,,,poulterer,
BDF,Yielden,St Fictional PR,,,18 Aug 1723,John,M,John,Elizabeth,LENNARD,,,labourer,
BDF,Yielden,St Fictional PR,,,04 Sep 1723,Mary,F,William,Ruth,HAYNES,,,,
BDF,Yielden,St Fictional PR,,,16 Nov 1723,Thomas,M,John,Ann,BARNES,,,,
BDF,Yielden,St Fictional PR,,,19 Nov 1723,Ann,F,Jeremy,Hannah,PENTLOE,,,,
BDF,Yielden,St Fictional PR,,,20 Nov 1723,Elizabeth,F,William,Elizabeth,COLES,,,,
BDF,Yielden,St Fictional PR,,,24 Nov 1723,Ann,F,Thomas,Ann,WPRTS,,,,
BDF,Yielden,St Fictional PR,,,01 Dec 1723,Elizabeth,F,James,Bridget,BARNES,,,,
BDF,Yielden,St Fictional PR,,,02 Dec 1723,Elizabeth,F,John,Mary,WARREN,,,clerk,
BDF,Yielden,St Fictional PR,,,05 Jan 1723/4,Ann,F,,Elizabeth,LONG,,,,
BDF,Yielden,St Fictional PR,,,25 Jun 1724,,F,Jeremy,Hannah,PENTLOE,,,tailor,No name given
BDF,Yielden,St Fictional PR,,,12 Jul 1724,Matthew,M,,Ann,BACKUST,,,,
BDF,Yielden,St Fictional PR,,,30 Aug 1724,Mary,F,William,Mary,CLAPAM,,,,
BDF,Yielden,St Fictional PR,,,30 Aug 1724,Dinah,F,William,Mary,CLAPAM,,,,
BDF,Yielden,St Fictional PR,,,11 Sep 1724,Charles,M,Charles,Elizabeth,STANION,,,,
BDF,Yielden,St Fictional PR,,,04 Oct 1724,William,M,Nicholas,Susan,MPRHEWS,,,,
BDF,Yielden,St Fictional PR,,,08 Nov 1724,Elizabeth,F,William,Elizabeth,COOKE,,,poulterer,
BDF,Yielden,St Fictional PR,,,03 Jan 1724/5,Jane,F,Richard,Katherine,IVES,,,,
BDF,Yielden,St Fictional PR,,,17 Jan 1724/5,Alice,F,James,Bridget,BARNES,,,,
BDF,Yielden,St Fictional PR,,,17 Jan 1724/5,Matthew,M,John,Martha,KEACH,,,,
BDF,Yielden,St Fictional PR,,,17 Jan 1724/5,George,M,Thomas,Ann,SKINNER,,,,
BDF,Yielden,St Fictional PR,,,23 Mar 1724/5,Edward,M,Edward,Martha,BASS,,,,
BDF,Yielden,St Fictional PR,,,29 Mar 1725,William,M,William,Hannah,SAMWELL,,,,
BDF,Yielden,St Fictional PR,,,16 May 1725,Susan,F,Jonathan,Elizabeth,FARSCUT,,,,
BDF,Yielden,St Fictional PR,,,20 Jul 1725,William,M,,Mary,YOUNG,,,,stranger
BDF,Yielden,St Fictional PR,,,10 Oct 1725,William,M,John,Hannah,CLAPAM,,,,
BDF,Yielden,St Fictional PR,,,10 Oct 1725,Samuel,M,John,Hannah,CLAPAM,,,,
BDF,Yielden,St Fictional PR,,,07 Nov 1725,Chilltum,M,John,Elizabeth,LENARD,,,,
BDF,Yielden,St Fictional PR,,,14 Mar 1725/6,Ann,F,Edward,Mary,LEWS,,,,
BDF,Yielden,St Fictional PR,,,10 Apr 1726,Sarah,F,William,Elizabeth,COOKE,,,poulterer,
BDF,Yielden,St Fictional PR,,,05 Jun 1726,Thomas,M,William,Ruth,HAINES,,,,
BDF,Yielden,St Fictional PR,,,10 Jul 1726,Elizabeth,F,William,Mary,HENSMAN,,,,
BDF,Yielden,St Fictional PR,,,03 Oct 1726,James,M,James,Bridget,BARNES,,,,
BDF,Yielden,St Fictional PR,,,03 Oct 1726,Jane,F,Jeremy,Hannah,PENTLOE,,,,
BDF,Yielden,St Fictional PR,,,03 Oct 1726,Edward,M,Edward,Mary,HARLE,,,,
BDF,Yielden,St Fictional PR,,,17 Oct 1726,William,M,Richard,Hannah,IVES,,,,Kit written above Hannah; B.T. gives Katn
BDF,Yielden,St Fictional PR,,,02 Dec 1726,Cassandra,F,William,Mary,CLAPHAM,,,,
BDF,Yielden,St Fictional PR,,,02 Jan 1726/7,Hannah,F,William,Hannah,SAMWORTH,,,,
BDF,Yielden,St Fictional PR,,,22 Jan 1726/7,Ekins,M,Robert,Ann,COOKE,,,,
BDF,Yielden,St Fictional PR,,,    Oct 1727,Sarah,F,Samuel,Elizabeth,TEAR,,,,no day given.
BDF,Yielden,St Fictional PR,,,05 Nov 1727,Daniel,M,Edward,Martha,BASS,,,,
BDF,Yielden,St Fictional PR,,,05 Nov 1727,Elizabeth,F,Jonathan,Elizabeth,FOSCUT,,,,
BDF,Yielden,St Fictional PR,,,01 Apr 1728,Sarah,F,Robert,Ann,COOKE,,,,
BDF,Yielden,St Fictional PR,,,11 Apr 1728,Elizabeth,F,John,Patience,BYFIELD,,,,
BDF,Yielden,St Fictional PR,,,24 May 1728,,,James,Bridget,BARNES,,,,Name is blank
BDF,Yielden,St Fictional PR,,,30 Jun 1728,Elizabeth,F,Thomas,Elizabeth,WPRTS,,,,
BDF,Yielden,St Fictional PR,,,02 Aug 1728,William,M,William,Hannah,SAMWORTH,,,,
BDF,Yielden,St Fictional PR,,,19 Jan 1728/9,Henry,M,John,Elizabeth,LENARD,,,,
BDF,Yielden,St Fictional PR,,,02 Mar 1728/9,Henry,M,William,Mary,HENSMAN,,,,
BDF,Yielden,St Fictional PR,,,19 Oct 1729,Sarah,F,Richard,Sarah,IVES,,,,
BDF,Yielden,St Fictional PR,,,02 Feb 1729/30,Maurice,M,William,Hannah,SAMWORTH,,,,
BDF,Yielden,St Fictional PR,,,15 Feb 1729/30,Eckins,M,Robert,Ann,COOK,,,,
BDF,Yielden,St Fictional PR,,,13 Mar 1729/30,Hannah,F,John,Hannah,CLAPHAM,,,,
BDF,Yielden,St Fictional PR,,,15 Mar 1729/30,Ann,F,William,Mary,CLAPHAM,,,,
BDF,Yielden,St Fictional PR,,,29 Nov 1730,Luke,M,Edward,Mary,HALE,,,,
BDF,Yielden,St Fictional PR,,,02 Jul 1731,John,M,John,,BARNES,,,,
BDF,Yielden,St Fictional PR,,,19 Nov 1731,John,M,Thomas,Elizabeth,WPRTS,,,,
BDF,Yielden,St Fictional PR,,,02 Jan 1731/2,Susan,F,William,Hannah,SAMWORTH,,,,
BDF,Yielden,St Fictional PR,,,20 Feb 1731/2,Thomas,M,William,Elizabeth,COOK,,,,
BDF,Yielden,St Fictional PR,,,22 Oct 1732,Sarah,F,William,Ruth,HAYNES,,,,William recorded as deceased
BDF,Yielden,St Fictional PR,,,29 Oct 1732,Thomas,M,Thomas,Elizabeth,BURGE,,,,
BDF,Yielden,St Fictional PR,,,26 Jan 1732/3,John,M,John,Hannah,WYLD,,,,
BDF,Yielden,St Fictional PR,,,13 May 1733,Elizabeth,F,William,Mary,CLAPHAM,,,,
BDF,Yielden,St Fictional PR,,,15 Jul 1733,Hannah,F,Valentine,Mary,CLARIDGE,,,blacksmith,
BDF,Yielden,St Fictional PR,,,22 Jul 1733,Elizabeth,F,Joshua,Elizabeth,CHETTLE,,,husbandman,
BDF,Yielden,St Fictional PR,,,01 Oct 1733,William,M,William,Hannah,SAMWORTH,,,husbandman,
BDF,Yielden,St Fictional PR,,,11 Jan 1733/4,Elizabeth,F,Samuel,Elizabeth,HALL,,,,
BDF,Yielden,St Fictional PR,,,17 Feb 1733/4,Thomas,M,George,Mary,GOODMAN,,,,
BDF,Yielden,St Fictional PR,,,03 Mar 1733/4,Sarah,F,Richard,Mary,WHITE,,,labourer,
BDF,Yielden,St Fictional PR,,,11 Mar 1733/4,James,M,James,Bridget,BARNES,,,labourer,
BDF,Yielden,St Fictional PR,,,07 Oct 1734,Samuel,M,William,Elizabeth,COOK,,,labourer,
BDF,Yielden,St Fictional PR,,,07 Oct 1734,Hannah,F,Thomas,Elizabeth,WPRTS,,,labourer,
BDF,Yielden,St Fictional PR,,,31 Oct 1734,William,M,John,Mary,WYLD,,,carpenter,
BDF,Yielden,St Fictional PR,,,03 Nov 1734,William,M,William,Mary,CLAPHAM,,,labourer,
BDF,Yielden,St Fictional PR,,,16 Nov 1734,Clark,M,Israel,Susan,CHURCH,FOSKET,,,illegitimate; Israel Church is the reputed father
BDF,Yielden,St Fictional PR,,,16 Nov 1734,Mary,F,Israel,Susan,CHURCH,FOSKET,,,illegitimate; Israel Church is the reputed father
BDF,Yielden,St Fictional PR,,,02 Jun 1734,John,M,Thomas,Elizabeth,BURGE,,,tailor,twin of Elizabeth
BDF,Yielden,St Fictional PR,,,02 Jun 1734,Elizabeth,F,Thomas,Elizabeth,BURGE,,,tailor,twin of John
BDF,Yielden,St Fictional PR,,,18 Feb 1734/5,Susan,F,Richard,Margaret,WHITE,,,labourer,
BDF,Yielden,St Fictional PR,,,04 Apr 1735,Sarah,F,John,Ann,BARNES,,,labourer,
BDF,Yielden,St Fictional PR,,,06 Oct 1735,Elizabeth,F,Valentine,Mary,CLARIDGE,,,blacksmith,occupation from B.T.
BDF,Yielden,St Fictional PR,,,02 Nov 1735,Deborah,F,William,Hannah,SAMWORTH,,,husbandman, farmer in B.T.
BDF,Yielden,St Fictional PR,,,08 Feb 1735/6,Elizabeth,F,John,Mary,WYLD,,,carpenter,
BDF,Yielden,St Fictional PR,,,26 Mar 1736,Robert,M,Richard,Mary,WHITE,,,labourer,
BDF,Yielden,St Fictional PR,,,04 Oct 1736,John,M,John,Susan,CLEMENTS,,,husbandman,
BDF,Yielden,St Fictional PR,,,03 Feb 1736/7,Mary,F,John,Mary,WYLD,,,carpenter,
BDF,Yielden,St Fictional PR,,,22 Feb 1736/7,Mary,F,Valentine,Mary,CLARIDGE,,,,
BDF,Yielden,St Fictional PR,,,26 Jun 1737,Alice,F,Joshua,Elizabeth,CHETTLE,,,husbandman,
BDF,Yielden,St Fictional PR,,,02 Oct 1737,Mary,F,William,Elizabeth,COOK,,,labourer,
BDF,Yielden,St Fictional PR,,,03 Oct 1737,Mary,F,Richard,Mary,WHITE,,,labourer,
BDF,Yielden,St Fictional PR,,,30 Oct 1737,William,M,Thomas,Elizabeth,WPRTS,,,labourer,
BDF,Yielden,St Fictional PR,,,05 Dec 1737,George,M,John,Susan,CLEMENTS,,,husbandman,
BDF,Yielden,St Fictional PR,,,29 Jan 1737/8,Elizabeth,F,Joseph,Elizabeth,MARSHALL,,,miller,
BDF,Yielden,St Fictional PR,,,02 Jul 1738,Richard,M,Thomas,Elizabeth,BURGE,,,tailor,
BDF,Yielden,St Fictional PR,,,06 Jul 1738,William,M,William,Sarah,BEDFORD,,,rector,
BDF,Yielden,St Fictional PR,,,06 Jul 1738,John,M,William,Sarah,BEDFORD,,,rector,
BDF,Yielden,St Fictional PR,,,27 Aug 1738,John,M,William Arthur,Mary,HECCLES,,,husbandman,
BDF,Yielden,St Fictional PR,,,02 Oct 1738,Valentine,M,Valentine,Mary,CLARIDGE,,,blacksmith,
BDF,Yielden,St Fictional PR,,,02 Oct 1738,William,M,Richard,Mary,WHITE,,,labourer,
BDF,Yielden,St Fictional PR,,,08 Oct 1738,Mary,F,Robert,Rebecca,TWELVETRICKS,,,husbandman,
BDF,Yielden,St Fictional PR,,,05 Nov 1738,Ann,F,John,Mary,WYLDS,,,carpenter,
BDF,Yielden,St Fictional PR,,,18 Mar 1738/9,Joseph,M,Joseph,Elizabeth,MARSHALL,,,miller,
BDF,Yielden,St Fictional PR,,,08 May 1739,Henry,M,John,Susan,CLEMENTS,,,husbandman,
BDF,Yielden,St Fictional PR,,,13 May 1739,John,M,Charles,Frances,LEE,,,labourer,
BDF,Yielden,St Fictional PR,,,08 Aug 1739,Elizabeth,F,Robert,Rebecca,TWELVETRICKS,,,husbandman,twin of Margaret
BDF,Yielden,St Fictional PR,,,08 Aug 1739,Margaret,F,Robert,Rebecca,TWELVETRICKS,,,husbandman,twin of Elizabeth
BDF,Yielden,St Fictional PR,,,30 Sep 1739,Mary,F,Joshua,Elizabeth,CHETTLE,,,husbandman,
BDF,Yielden,St Fictional PR,,,01 Oct 1739,William,M,Thomas,Elizabeth,BURGE,,,tailor,
BDF,Yielden,St Fictional PR,,,04 Feb 1739/40,Sarah,F,Richard,Mary,WHITE,,,,
BDF,Yielden,St Fictional PR,,,30 Mar 1740,James,M,,Elizabeth,,WARREN,,,illegitimate
BDF,Yielden,St Fictional PR,,,22 Jun 1740,Hannah,F,John,Mary,WYLDS,,,carpenter,
BDF,Yielden,St Fictional PR,,,13 Jul 1740,William,M,William,Elizabeth,COLEMAN,,,shepherd,
BDF,Yielden,St Fictional PR,,,26 Dec 1740,Elizabeth,F,John,Susan,CLEMENTS,,,husbandman,
BDF,Yielden,St Fictional PR,,,27 Dec 1740,William,M,Valentine,Mary,CLARIDGE,,,blacksmith,
BDF,Yielden,St Fictional PR,,,18 Jan 1740/1,Mary,F,Charles,Frances,LEE,,,labourer,
BDF,Yielden,St Fictional PR,,,11 Jan 1740/1,Thomas,M,William Arthur,Mary,HECCLES,,,husbandman,by the Revd Mr Bletsoe of Newton NTH
BDF,Yielden,St Fictional PR,,,28 Jan 1740/1,John,M,Samuel,Sarah,HUDEN,,,labourer,
BDF,Yielden,St Fictional PR,,,04 Feb 1740/1,Elizabeth,F,Richard,Mary,WHITE,,,labourer,
BDF,Yielden,St Fictional PR,,,22 Mar 1740/1,Samuel,M,Thomas,Elizabeth,BURGE,,,tailor,
BDF,Yielden,St Fictional PR,,,14 Jun 1741,Elizabeth,F,Philip,Elizabeth,WHITE,,,shepherd,
BDF,Yielden,St Fictional PR,,,18 Jul 1741,Jane,F,William,Phoebe,KEECH,,,labourer,
BDF,Yielden,St Fictional PR,,,08 Nov 1741,George,M,Thomas,Ann,EDES,,,husbandman,
BDF,Yielden,St Fictional PR,,,29 Nov 1741,Robert,M,Richard,Mary,WHITE,,,labourer,
BDF,Yielden,St Fictional PR,,,25 Nov 1741,John,M,,Mary,,BARNES,,,illegitimate
BDF,Yielden,St Fictional PR,,,23 Dec 1741,Robert,M,William,Elizabeth,COLEMAN,,,shepherd,
BDF,Yielden,St Fictional PR,,,24 Jan 1741/2,James,M,David,Elizabeth,BARNES,,,labourer,
BDF,Yielden,St Fictional PR,,,28 Mar 1742,Mary,F,George,Elizabeth,GOODMAN,,,labourer,
BDF,Yielden,St Fictional PR,,,06 May 1742,Elizabeth,F,Francis,Elizabeth,ROUGHTON,,,innkeeper,
BDF,Yielden,St Fictional PR,,,04 Oct 1742,Joshua,M,Valentine,Mary,CLARIDGE,,,blacksmith,
BDF,Yielden,St Fictional PR,,,25 Dec 1742,Elizabeth,F,Joseph,Elizabeth,MARSHALL,,,miller,
BDF,Yielden,St Fictional PR,,,28 Dec 1742,James,M,Thomas,Elizabeth,BURGE,,,tailor,
BDF,Yielden,St Fictional PR,,,11 Jan 1742/3,Philip,M,Philip,Elizabeth,WHITE,,,shepherd,
BDF,Yielden,St Fictional PR,,,30 Jan 1742/3,Elizabeth,F,Charles,Frances,LEE,,,labourer,
BDF,Yielden,St Fictional PR,,,15 Mar 1742/3,Thomas,M,Thomas,Ann,EDES,,,husbandman,
BDF,Yielden,St Fictional PR,,,05 Apr 1743,John,M,William,Elizabeth,COLEMAN,,,shepherd,
BDF,Yielden,St Fictional PR,,,20 Jul 1743,Richard,M,William,Phoebe,KEECH,,,labourer,
BDF,Yielden,St Fictional PR,,,26 Feb 1743/4,Elizabeth,F,Thomas,Ann,EDES,,,husbandman,
BDF,Yielden,St Fictional PR,,,01 Mar 1743/4,Mary,F,Philip,Elizabeth,WHITE,,,labourer,
BDF,Yielden,St Fictional PR,,,18 Mar 1743/4,John,M,John,Susan,CLEMENTS,,,husbandman,
BDF,Yielden,St Fictional PR,,,24 Mar 1743/4,Samuel,M,,,CLARE,,,,aged 19 years
BDF,Yielden,St Fictional PR,,,30 Apr 1744,Edward,M,Valentine,Mary,CLARIDGE,,,blacksmith,
BDF,Yielden,St Fictional PR,,,13 May 1744,William,M,George,Elizabeth,GOODMAN,,,labourer,
BDF,Yielden,St Fictional PR,,,08 Jul 1744,Mary,F,David,Elizabeth,BARNES,,,labourer,
BDF,Yielden,St Fictional PR,,,01 Oct 1744,Thomas,M,Richard,Mary,WHITE,,,labourer,
BDF,Yielden,St Fictional PR,,,02 Dec 1744,Richard,M,Richard,Elizabeth,ABBOTT,,,labourer,
BDF,Yielden,St Fictional PR,,,15 Apr 1745,Mary,F,John,Mary,WYLDS,,,carpenter,
BDF,Yielden,St Fictional PR,,,23 Jun 1745,Elizabeth,F,William,Elizabeth,COLEMAN,,,labourer,
BDF,Yielden,St Fictional PR,,,01 Sep 1745,Thomas,M,Thomas,Ann,EDES,,,husbandman,
BDF,Yielden,St Fictional PR,,,04 Oct 1745,Richard,M,William,Phoebe,KEECH,,,labourer,
BDF,Yielden,St Fictional PR,,,13 Oct 1745,Rebecca,F,Philip,Elizabeth,WHITE,,,labourer,
BDF,Yielden,St Fictional PR,,,09 Dec 1745,Thomas,M,John,Susan,CLEMENTS,,,labourer,
BDF,Yielden,St Fictional PR,,,16 Mar 1745/6,Thomas,M,George,Susan,SKINNER,,,husbandman,
BDF,Yielden,St Fictional PR,,,11 May 1746,Charles,M,Charles,Frances,LEE,,,,
BDF,Yielden,St Fictional PR,,,25 May 1746,Jeremiah,M,Valentine,Mary,CLARIDGE,,,blacksmith,
BDF,Yielden,St Fictional PR,,,25 May 1746,Elizabeth,F,John,Elizabeth,CLAPHAM,,,,junior
BDF,Yielden,St Fictional PR,,,19 Sep 1746,Joshua,M,Joshua,Elizabeth,CHETTLE,,,husbandman,
BDF,Yielden,St Fictional PR,,,25 Sep 1746,Thomas,M,Robert,Jane,COOK,,,labourer,
BDF,Yielden,St Fictional PR,,,05 Oct 1746,Mary,F,Richard,Mary,WHITE,,,labourer,
BDF,Yielden,St Fictional PR,,,26 Oct 1746,Ann,F,William,Phoebe,KEECH,,,labourer,
BDF,Yielden,St Fictional PR,,,27 Dec 1746,Ann,F,Thomas,Ann,EDES,,,,
BDF,Yielden,St Fictional PR,,,17 May 1747,Matthew,M,William,Elizabeth,COLEMAN,,,,
BDF,Yielden,St Fictional PR,,,16 Jun 1747,Sarah,F,,Elizabeth,,WARREN,,,illegitimate
BDF,Yielden,St Fictional PR,,,05 Jul 1747,George,M,George,Susan,SKINNER,,,husbandman,
BDF,Yielden,St Fictional PR,,,04 Oct 1747,Elizabeth,F,David,Elizabeth,BARNES,,,,
BDF,Yielden,St Fictional PR,,,04 Oct 1747,Margaret,F,Philip,Elizabeth,WHITE,,,,
BDF,Yielden,St Fictional PR,,,08 Nov 1747,Samuel,M,John,Elizabeth,CLAPHAM,,,poulterer,John is deceased
BDF,Yielden,St Fictional PR,,,24 Feb 1747/8,Sarah,F,Robert,Jane,COOK,,,labourer,
BDF,Yielden,St Fictional PR,,,17 Aug 1748,Elizabeth,F,Richard,Mary,WHITE,,,labourer,
BDF,Yielden,St Fictional PR,,,02 Oct 1748,Elizabeth,F,George,Susan,SKINNER,,,,
BDF,Yielden,St Fictional PR,,,03 Oct 1748,Sarah,F,George,Elizabeth,MURKET,,,,
BDF,Yielden,St Fictional PR,,,29 Dec 1748,Alice,F,Valentine,Mary,CLARIDGE,,,,
BDF,Yielden,St Fictional PR,,,08 Jan 1748/9,William,M,William,Phoebe,KEECH,,,labourer,
BDF,Yielden,St Fictional PR,,,05 Feb 1748/9,Sarah,F,David,Mary,BARNES,,,labourer,
BDF,Yielden,St Fictional PR,,,25 May 1749,Sarah,F,William,Elizabeth,COLEMAN,,,,
BDF,Yielden,St Fictional PR,,,25 Jun 1749,John,M,John,Mary,WYLDS,,,,
BDF,Yielden,St Fictional PR,,,07 Jan 1749/50,Henry,M,Charles,Frances,LEE,,,,
BDF,Yielden,St Fictional PR,,,18 Feb 1749/50,Mary,F,Philip,Elizabeth,WHITE,,,,
BDF,Yielden,St Fictional PR,,,22 Mar 1749/50,Daniel,M,Daniel,Elizabeth,ABBET,,,,
BDF,Yielden,St Fictional PR,,,16 Apr 1750,Susan,F,John,Susan,CLEMENTS,,,,
BDF,Yielden,St Fictional PR,,,30 Sep 1750,Thomas,M,John,Mary,WYLDS,,,,
BDF,Yielden,St Fictional PR,,,01 Oct 1750,Mary,F,Robert,Elizabeth,MURKETT,,,,
BDF,Yielden,St Fictional PR,,,01 Oct 1750,John,M,John,Elizabeth,CLAPHAM,,,,
BDF,Yielden,St Fictional PR,,,29 Dec 1750,Susan,F,George,Susan,SKINNER,,,,
BDF,Yielden,St Fictional PR,,,30 Dec 1750,William,M,Gabriel,Hannah,THOMPSON,,,,
BDF,Yielden,St Fictional PR,,,15 Feb 1750/1,William,M,Valentine,Mary,CLARIDGE,,,,
BDF,Yielden,St Fictional PR,,,06 Oct 1751,Ann,F,David,Mary,BARNES,,,,
BDF,Yielden,St Fictional PR,,,11 Oct 1751,Mark,M,William,Elizabeth,COLEMAN,,,,
BDF,Yielden,St Fictional PR,,,26 Jan 1752/3,Elizabeth,F,William,Mary,PORTER,,,,
BDF,Yielden,St Fictional PR,,,30 Jan 1752/3,John,M,Thomas,Ann,EDES,,,,
BDF,Yielden,St Fictional PR,,,09 Dec 1752,Hannah,F,Robert,Jane,COOK,,,,
BDF,Yielden,St Fictional PR,,,30 Dec 1752,Susan,F,Daniel,Elizabeth,ABBOT,,,,
BDF,Yielden,St Fictional PR,,,04 Mar 1753,Ann,F,George,Susan,SKINNER,,,,
BDF,Yielden,St Fictional PR,,,07 Jun 1753,Elizabeth,F,Gabriel,Hannah,THOMSON,,,,
BDF,Yielden,St Fictional PR,,,18 Nov 1753,Elizabeth,F,Jeremiah,Ann,PENTLOE,,,,
BDF,Yielden,St Fictional PR,,,23 Dec 1753,Ann,F,William,Mary,PORTER,,,,
BDF,Yielden,St Fictional PR,,,15 Jan 1754,Mary,F,Thomas,Mary,HARRIS,,,,
BDF,Yielden,St Fictional PR,,,14 Feb 1754,Susan,F,Robert,Elizabeth,MURKET,,,,
BDF,Yielden,St Fictional PR,,,26 Mar 1754,Joseph,M,Richard,Elizabeth,WHITE,,,,
BDF,Yielden,St Fictional PR,,,26 Mar 1754,Benjamin,M,Richard,Elizabeth,WHITE,,,,
BDF,Yielden,St Fictional PR,,,06 Apr 1754,Mary,F,Thomas,Ann,EDES,,,,
BDF,Yielden,St Fictional PR,,,29 Apr 1754,John,M,Daniel,Elizabeth,ABBOT,,,,
BDF,Yielden,St Fictional PR,,,04 Aug 1754,Mary,F,William,Elizabeth,COLEMAN,,,,
BDF,Yielden,St Fictional PR,,,29 Sep 1754,Samuel,M,Edward,Hannah,COOK,,,,
BDF,Yielden,St Fictional PR,,,20 Oct 1754,Hannah,F,John,Elizabeth,CLAPHAM,,,,
BDF,Yielden,St Fictional PR,,,03 Nov 1754,Elizabeth,F,,Mary,,HARRIS,,,illegitimate
BDF,Yielden,St Fictional PR,,,29 Nov 1754,Jeremiah,M,Jeremiah,Ann,PENTLOE,,,,
BDF,Yielden,St Fictional PR,,,22 Dec 1754,Sarah,F,George,Susan,SKINNER,,,,
BDF,Yielden,St Fictional PR,,,16 Mar 1755,Elizabeth,F,William,Elizabeth,SAMWORTH,,,,
BDF,Yielden,St Fictional PR,,,22 Apr 1755,William,M,Robert,Elizabeth,MURKET,,,,
BDF,Yielden,St Fictional PR,,,29 Apr 1755,Hannah,F,Gabriel,Hannah,THOMPSON,,,,
BDF,Yielden,St Fictional PR,,,08 Jun 1755,Thomas,M,Thomas,Mary,HARRIS,,,,
BDF,Yielden,St Fictional PR,,,15 Jun 1755,William,M,Edward,Ann,SMITH,,,,
BDF,Yielden,St Fictional PR,,,09 Aug 1755,Elizabeth,F,Daniel,Elizabeth,ABBOT,,,,
BDF,Yielden,St Fictional PR,,,29 Sep 1755,Thomas,M,Edward,Hannah,COOK,,,,
BDF,Yielden,St Fictional PR,,,29 Sep 1755,David,M,David,Mary,BARNES,,,,
BDF,Yielden,St Fictional PR,,,17 Dec 1755,Susan,F,Robert,Elizabeth,MURKET,,,,
BDF,Yielden,St Fictional PR,,,20 Jan 1756,William,M,Jeremiah,Ann,PENTLOE,,,,
BDF,Yielden,St Fictional PR,,,02 May 1756,Hannah,F,William,Elizabeth,SAMWORTH,,,,
BDF,Yielden,St Fictional PR,,,31 May 1756,William,M,William,Winifred,KEECH,,,,
BDF,Yielden,St Fictional PR,,,31 May 1756,John,M,William,Winifred,KEECH,,,,
BDF,Yielden,St Fictional PR,,,08 Aug 1756,Mary,F,George,Susan,SKINNER,,,,
BDF,Yielden,St Fictional PR,,,08 Aug 1756,Alice,F,George,Susan,SKINNER,,,,
BDF,Yielden,St Fictional PR,,,22 Aug 1756,Mary,F,William,Mary,PORTER,,,,
BDF,Yielden,St Fictional PR,,,23 Sep 1756,Ann,F,John,Ann,HARPUR,,,,
BDF,Yielden,St Fictional PR,,,28 Nov 1756,Hannah,F,Edward,Hannah,COOK,,,,
BDF,Yielden,St Fictional PR,,,26 Feb 1757,Dinah,F,Jeremiah,Ann,PENTLOE,,,,
BDF,Yielden,St Fictional PR,,,31 Jul 1757,Daniel,M,Daniel,Elizabeth,ABBOT,,,,
BDF,Yielden,St Fictional PR,,,07 Aug 1757,Keziah,F,William,Winifred,KEECH,,,,
BDF,Yielden,St Fictional PR,,,04 Oct 1757,William,M,William,Elizabeth,SAMWORTH,,,,
BDF,Yielden,St Fictional PR,,,09 Oct 1757,Samuel,M,Samuel,Mary,COOK,,,,
BDF,Yielden,St Fictional PR,,,06 Nov 1757,Ann,F,Gabriel,Hannah,THOMPSON,,,,
BDF,Yielden,St Fictional PR,,,21 Feb 1758,Mary,F,George,Susan,SKINNER,,,,
BDF,Yielden,St Fictional PR,,,05 Mar 1758,Elizabeth,F,Edward,Hannah,COOK,,,,
BDF,Yielden,St Fictional PR,,,09 Mar 1758,John,M,Edward,Ann,SMITH,,,,
BDF,Yielden,St Fictional PR,,,03 Apr 1758,John,M,John,Mary,COLEY,,,,
BDF,Yielden,St Fictional PR,,,24 Jun 1758,John,M,David,Mary,BARNES,,,,
BDF,Yielden,St Fictional PR,,,09 Nov 1758,John,M,Robert,Elizabeth,MURKET,,,,
BDF,Yielden,St Fictional PR,,,16 Feb 1759,Joshua,M,William,Elizabeth,SAMWORTH,,,,
BDF,Yielden,St Fictional PR,,,18 Feb 1759,Elizabeth,F,Samuel,Mary,COOK,,,,
BDF,Yielden,St Fictional PR,,,29 Apr 1759,Samuel,M,Edward,Hannah,COOK,,,,
BDF,Yielden,St Fictional PR,,,14 Oct 1759,John,M,Jeremiah,Ann,PENTLOE,,,,
BDF,Yielden,St Fictional PR,,,14 Oct 1759,William,M,William,Mary,PORTER,,,,
BDF,Yielden,St Fictional PR,,,14 Oct 1759,William,M,William,Winifred,KEECH,,,,
BDF,Yielden,St Fictional PR,,,06 Jan 1760,William,M,Gabriel,Hannah,THOMPSON,,,,
BDF,Yielden,St Fictional PR,,,18 Jan 1760,Joseph,M,John,Mary,COALEY,,,,
BDF,Yielden,St Fictional PR,,,05 Mar 1760,Sarah,F,,Hannah,,WYLDE,,,illegitimate
BDF,Yielden,St Fictional PR,,,26 Mar 1760,Elizabeth,F,Edward,Ann,SMITH,,,,
BDF,Yielden,St Fictional PR,,,01 Jun 1760,Susan,F,David,Mary,BARNES,,,,
BDF,Yielden,St Fictional PR,,,08 Jun 1760,Jane,F,George,Susan,SKINNER,,,,
BDF,Yielden,St Fictional PR,,,13 Jul 1760,Mary,F,William,Elizabeth,SAMWERTH,,,,
BDF,Yielden,St Fictional PR,,,03 Dec 1760,Thomas,M,Samuel,Mary,COOK,,,,
BDF,Yielden,St Fictional PR,,,10 Feb 1761,Thomas,M,Jeremiah,Ann,PENTLOE,,,,
BDF,Yielden,St Fictional PR,,,12 Mar 1761,Richard,M,William,Winifred,KEECH,,,,
BDF,Yielden,St Fictional PR,,,21 May 1761,Elizabeth,F,William,Mary,PORTER,,,,
BDF,Yielden,St Fictional PR,,,31 May 1761,Richard,M,Robert,Elizabeth,MURKIT,,,,
BDF,Yielden,St Fictional PR,,,07 Jun 1761,Mary,F,Edward,Hannah,COOK,,,,
BDF,Yielden,St Fictional PR,,,09 Aug 1761,George,M,John,Ann,WOOD,,,,
BDF,Yielden,St Fictional PR,,,15 Nov 1761,Elizabeth,F,William,Elizabeth,YORK,,,,
BDF,Yielden,St Fictional PR,,,22 Nov 1761,William,M,John,Mary,COLEY,,,,
BDF,Yielden,St Fictional PR,,,29 Dec 1761,Christopher,M,Christopher,Mary,PRKINSON,,,curate of this parish,privately
BDF,Yielden,St Fictional PR,,,18 Jan 1762,Thomas,M,Edward,Sarah,CREEK,,,,
BDF,Yielden,St Fictional PR,,,04 Mar 1762,Alice,F,William,Elizabeth,SAMWORTH,,,,
BDF,Yielden,St Fictional PR,,,19 Mar 1762,William,M,Samuel,Mary,COOK,,,,
BDF,Yielden,St Fictional PR,,,22 Jun 1762,Christopher,M,Christopher,Mary,PRKINSON,,,curate of this parish,publicly
BDF,Yielden,St Fictional PR,,,20 Jun 1762,George,M,George,Susan,SKINNER,,,,
BDF,Yielden,St Fictional PR,,,19 Sep 1762,Elizabeth,F,Jeremiah,Ann,PENTLOE,,,,
BDF,Yielden,St Fictional PR,,,07 Nov 1762,Thomas,M,William,Mary,PORTER,,,,
BDF,Yielden,St Fictional PR,,,21 Nov 1762,Mary,F,Richard,Mary,WHITE,,,,
BDF,Yielden,St Fictional PR,,,10 Dec 1762,Thomas,M,Gabriel,Hannah,THOMPSON,,,,twin of Mary
BDF,Yielden,St Fictional PR,,,10 Dec 1762,Mary,F,Gabriel,Hannah,THOMPSON,,,,twin of Thomas
BDF,Yielden,St Fictional PR,,,09 Jan 1763,John,M,Edward,Sarah,CREEK,,,,
BDF,Yielden,St Fictional PR,,,16 Feb 1763,Sarah,F,,Hannah,,CLARIDGE,,,illegitimate
BDF,Yielden,St Fictional PR,,,17 Apr 1763,Thomas,M,William,Winifred,KEECH,,,,
BDF,Yielden,St Fictional PR,,,22 May 1763,Thomas,M,William,Elizabeth,YORKE,,,,
BDF,Yielden,St Fictional PR,,,02 Aug 1763,William,M,David,Elizabeth,BARNES,,,,
BDF,Yielden,St Fictional PR,,,06 Aug 1763,Susan,F,Robert,Elizabeth,MURKIT,,,,
BDF,Yielden,St Fictional PR,,,17 Sep 1763,Joshua,M,William,Elizabeth,SAMWORTH,,,,
BDF,Yielden,St Fictional PR,,,17 Oct 1763,William,M,David,Maria,SMEETEN,,,,Sweaton in B.T.
BDF,Yielden,St Fictional PR,,,25 Oct 1763,John,M,,Ann,,EADS,,,illegitimate
BDF,Yielden,St Fictional PR,,,04 Nov 1763,Elizabeth,F,Edward,Hannah,COOK,,,,
BDF,Yielden,St Fictional PR,,,25 Mar 1764,Mary,F,Robert,Jane,WHITE,,,,
BDF,Yielden,St Fictional PR,,,04 Apr 1764,Elizabeth,F,Samuel,Sarah,BURGIS,,,,
BDF,Yielden,St Fictional PR,,,09 Apr 1764,Thomas,M,Samuel,Mary,COOK,,,,
BDF,Yielden,St Fictional PR,,,30 May 1764,Mary,F,George,Alice,EADS,,,,
BDF,Yielden,St Fictional PR,,,08 Jul 1764,Mary,F,Richard,Mary,WHITE,,,,
BDF,Yielden,St Fictional PR,,,16 Sep 1764,Henry,M,John,Mary,COLEY,,,,
BDF,Yielden,St Fictional PR,,,17 Sep 1764,Alex,M,William,Elizabeth,YORKE,,,,
BDF,Yielden,St Fictional PR,,,07 Dec 1764,Mary,F,Jeremiah,Ann,PENTLOE,,,,
BDF,Yielden,St Fictional PR,,,13 May 1765,John,M,William,Mary,PORTER,,,,
BDF,Yielden,St Fictional PR,,,29 Jul 1765,Mary,F,Edward,Sarah,CREEK,,,,
BDF,Yielden,St Fictional PR,,,05 Aug 1765,Mary,F,Robert,Jane,WHITE,,,,
BDF,Yielden,St Fictional PR,,,15 Sep 1765,John,M,David,Maria,SMEETEN,,,,Sweaton in B.T.
BDF,Yielden,St Fictional PR,,,17 Sep 1765,Mary,F,William,Elizabeth,SAMWORTH,,,,
BDF,Yielden,St Fictional PR,,,05 Dec 1765,Thomas,M,Joseph,Elizabeth,COULSON,,,,
BDF,Yielden,St Fictional PR,,,14 Feb 1766,George,M,William,Ursley,GOODMAN,,,,
BDF,Yielden,St Fictional PR,,,12 Mar 1766,Susan,F,David,Elizabeth,BARNES,,,,
BDF,Yielden,St Fictional PR,,,13 Mar 1766,Ann,F,Jeremiah,Ann,PENTLOE,,,,
BDF,Yielden,St Fictional PR,,,14 Mar 1766,William,M,Samuel,Sarah,BURGIS,,,,
BDF,Yielden,St Fictional PR,,,16 Mar 1766,Thomas,M,John,Lucy,DEACON,,,,
BDF,Yielden,St Fictional PR,,,04 Apr 1766,Alice,F,George,Alice,EADS,,,,
BDF,Yielden,St Fictional PR,,,10 Apr 1766,Elizabeth,F,Daniel,Martha,BASS,,,,
BDF,Yielden,St Fictional PR,,,10 Apr 1766,William,M,Daniel,Martha,BASS,,,,4 and a half years old
BDF,Yielden,St Fictional PR,,,31 Aug 1766,James,M,William,Elizabeth,YORKE,,,,
BDF,Yielden,St Fictional PR,,,30 Jan 1767,Edward,M,Edward,Hannah,COOK,,,,
BDF,Yielden,St Fictional PR,,,22 Feb 1767,Sarah,F,Samuel,Elizabeth,RADDIS,,,,
BDF,Yielden,St Fictional PR,,,11 Aug 1767,Sarah,F,Richard,Mary,WHITE,,,,
BDF,Yielden,St Fictional PR,,,14 Oct 1767,Hannah,F,William,Mary,PORTER,,,,
BDF,Yielden,St Fictional PR,,,04 Oct 1767,Susan,F,William,Elizabeth,SAMWORTH,,,,
BDF,Yielden,St Fictional PR,,,27 Nov 1767,Hannah,F,William,Elizabeth,YORKE,,,,
BDF,Yielden,St Fictional PR,,,05 Jan 1768,Sarah,F,Peter,Sarah,CREAK,,,,
BDF,Yielden,St Fictional PR,,,29 Mar 1768,Elizabeth,F,Samuel,Elizabeth,RADDIS,,,,
BDF,Yielden,St Fictional PR,,,10 Apr 1768,Elizabeth,F,William,Ursley,GOODMAN,,,,
BDF,Yielden,St Fictional PR,,,27 May 1768,Mary,F,Joseph,Elizabeth,COULSON,,,,
BDF,Yielden,St Fictional PR,,,01 Jul 1768,Ann,F,Jeremiah,Ann,PENTLOE,,,,
BDF,Yielden,St Fictional PR,,,07 Aug 1768,John,M,John,Lucy,DEACON,,,,
BDF,Yielden,St Fictional PR,,,10 Aug 1768,Mary,F,John,Mary,COLEMAN,,,,
BDF,Yielden,St Fictional PR,,,21 Aug 1768,John,M,Samuel,Judith,ROWE,,,miller,
BDF,Yielden,St Fictional PR,,,05 Sep 1768,Benjamin,M,Joseph,Mary,CHARLES,,,,
BDF,Yielden,St Fictional PR,,,31 Oct 1768,John,M,Samuel,Sarah,BURGIS,,,,
BDF,Yielden,St Fictional PR,,,01 Jan 1769,Henry,M,Robert,Jane,WHITE,,,,
BDF,Yielden,St Fictional PR,,,10 Jan 1769,Benjamin,M,John,Mary,COLEY,,,,
BDF,Yielden,St Fictional PR,,,19 Mar 1769,Moses,M,William,Elizabeth,SAMWORTH,,,,
BDF,Yielden,St Fictional PR,,,16 May 1769,Joseph,M,William,Mary,PORTER,,,,
BDF,Yielden,St Fictional PR,,,13 Jun 1769,Susan,F,Peter,Sarah,CREAKE,,,,
BDF,Yielden,St Fictional PR,,,13 Aug 1769,Elizabeth,F,Samuel,Mary,COOKE,,,,
BDF,Yielden,St Fictional PR,,,18 Jan 1770,Samuel,M,Samuel,Elizabeth,RADDIS,,,,
BDF,Yielden,St Fictional PR,,,18 Mar 1770,Joseph,M,Henry,Ann,EAGLE,,,,
BDF,Yielden,St Fictional PR,,,16 Apr 1770,Elizabeth,F,John,Mary,COLEMAN,,,,
BDF,Yielden,St Fictional PR,,,29 Apr 1770,Mary,F,William,Ursley,GOODMAN,,,,
BDF,Yielden,St Fictional PR,,,09 May 1770,William,M,Samuel,Judith,ROWE,,,,
BDF,Yielden,St Fictional PR,,,24 May 1770,Joseph,M,Joseph,Mary,CHARLES,,,,
BDF,Yielden,St Fictional PR,,,24 May 1770,Mary,F,Edward,Hannah,COOK,,,,
BDF,Yielden,St Fictional PR,,,27 Mar 1770,Sarah,F,Thomas,Mary,WILLIAMSON,,,,
BDF,Yielden,St Fictional PR,,,08 Jul 1770,Jane,F,John,Mary,COLEY,,,,
BDF,Yielden,St Fictional PR,,,22 Jul 1770,John,M,Jeremiah,Ann,PENTLOE,,,,
BDF,Yielden,St Fictional PR,,,04 Aug 1770,Elizabeth,F,Joseph,Elizabeth,COULSON,,,,
BDF,Yielden,St Fictional PR,,,05 Aug 1770,Peter,M,Peter,Sarah,CREAKE,,,,
BDF,Yielden,St Fictional PR,,,09 Sep 1770,Joseph,M,Robert,Jane,WHITE,,,,
BDF,Yielden,St Fictional PR,,,09 Sep 1770,Philip,M,John,Elizabeth,WILLIAMSON,,,,
BDF,Yielden,St Fictional PR,,,09 Sep 1770,Thomas,M,John,Elizabeth,WILLIAMSON,,,,
BDF,Yielden,St Fictional PR,,,09 Sep 1770,Sarah,F,John,Elizabeth,WILLIAMSON,,,,
BDF,Yielden,St Fictional PR,,,25 Sep 1770,Joseph,M,John,Lucy,DEACON,,,,
BDF,Yielden,St Fictional PR,,,17 Feb 1771,Hannah,F,Joseph,Elizabeth,WADSWORTH,,,,
BDF,Yielden,St Fictional PR,,,21 Apr 1771,Sarah,F,Samuel,Sarah,BURGIS,,,,
BDF,Yielden,St Fictional PR,,,05 Jul 1771,Sarah,F,,,HANNOWELL,,,,an adult
BDF,Yielden,St Fictional PR,,,28 Jul 1771,Peter,M,Peter,Sarah,CREAKE,,,,Mr Peter CREAKE
BDF,Yielden,St Fictional PR,,,28 Jul 1771,Elizabeth,F,John,Mary,CLEMENTS,,,,
BDF,Yielden,St Fictional PR,,,09 Aug 1771,Charles,M,John,Mary,COLEY,,,,
BDF,Yielden,St Fictional PR,,,25 Aug 1771,Elizabeth,F,John,Ann,LEE,,of Stowe?,,Long Stowe Hunts
BDF,Yielden,St Fictional PR,,,03 Nov 1771,Edward,M,Robert,Jane,WHITE,,,,
BDF,Yielden,St Fictional PR,,,26 Jan 1772,Aaron,M,William,Elizabeth,SAMWORTH,,,,
BDF,Yielden,St Fictional PR,,,05 Feb 1772,Sarah,F,John,Mary,COLEMAN,,,,
BDF,Yielden,St Fictional PR,,,05 Feb 1772,Elizabeth,F,William,Mary,PORTER,,,,
BDF,Yielden,St Fictional PR,,,17 Feb 1772,Sophia,F,Joseph,Elizabeth,WHITE,,,,
BDF,Yielden,St Fictional PR,,,22 Mar 1772,Joseph,M,Samuel,Elizabeth,RADDIS,,,,
BDF,Yielden,St Fictional PR,,,07 Mar 1772,Ursley,F,William,Ursley,GOODMAN,,,,
BDF,Yielden,St Fictional PR,,,03 May 1772,Henry,M,Henry,Ann,EAGLE,,,,
BDF,Yielden,St Fictional PR,,,25 Jun 1772,Thomas,M,Joseph,Mary,CHARLES,,,,
BDF,Yielden,St Fictional PR,,,12 Jul 1772,Elizabeth,F,Joseph,Elizabeth,WADSWORTH,,,,
BDF,Yielden,St Fictional PR,,,08 Sep 1772,Joseph,M,Jeremiah,Ann,PENTLOE,,,,
BDF,Yielden,St Fictional PR,,,15 Nov 1772,John,M,Robert,Jane,WHITE,,,,
BDF,Yielden,St Fictional PR,,,06 Dec 1772,Hannah,F,Thomas,Mary,WILLIAMSON,,,,
BDF,Yielden,St Fictional PR,,,12 Apr 1773,John,M,,,ABBOT,,,,an adult
BDF,Yielden,St Fictional PR,,,22 Jun 1773,Samuel,M,Joshua,Elizabeth,CHETTLE,,,,
BDF,Yielden,St Fictional PR,,,12 Sep 1773,Sarah,F,Joseph,Elizabeth,WADSWORTH,,,,
BDF,Yielden,St Fictional PR,,,16 Jan 1774,Jane,F,William,Ursula,GOODMAN,,,,
BDF,Yielden,St Fictional PR,,,13 Feb 1774,Ann,F,John,Mary,COLEMAN,,,,
BDF,Yielden,St Fictional PR,,,13 Feb 1774,Joseph,M,Joseph,Elizabeth,COULSON,,,,
BDF,Yielden,St Fictional PR,,,15 May 1774,Sarah,F,John,Lucy,DEACON,,,,
BDF,Yielden,St Fictional PR,,,03 Jul 1774,John,M,Joseph,Mary,CHARLES,,,,
BDF,Yielden,St Fictional PR,,,17 Jul 1774,John,M,Richard,Hannah,JOLLY,,,,
BDF,Yielden,St Fictional PR,,,24 Jul 1774,Ann,F,Samuel,Elizabeth,RADDIS,,,,
BDF,Yielden,St Fictional PR,,,20 Nov 1774,Elizabeth,F,Joshua,Elizabeth,CHETTLE,,,,
BDF,Yielden,St Fictional PR,,,27 Nov 1774,Sophia,F,Peter,Sarah,CREAKE,,,,
BDF,Yielden,St Fictional PR,,,12 Jan 1775,Joseph,M,Joseph,Elizabeth,WADSWORTH,,,,
BDF,Yielden,St Fictional PR,,,13 Jan 1775,Robert,M,Robert,Jane,WHITE,,,,
BDF,Yielden,St Fictional PR,,,08 Oct 1775,Samuel,M,Samuel,Sarah,BURGIS,,,,
BDF,Yielden,St Fictional PR,,,15 Oct 1775,Rebecca,F,Henry,Ann,EAGLE,,,,
BDF,Yielden,St Fictional PR,,,03 Dec 1775,William,M,William,Ursley,GOODMAN,,,,
BDF,Yielden,St Fictional PR,,,17 Dec 1775,Ann,F,John,Hannah,REENES,,,,Reines in B.T.
BDF,Yielden,St Fictional PR,,,24 Dec 1775,Charles,M,Joseph,Mary,CHARLES,,,,
BDF,Yielden,St Fictional PR,,,10 Mar 1776,Ann,F,Peter,Sarah,CREAKE,,,,
BDF,Yielden,St Fictional PR,,,12 May 1776,John,M,John,Mary,COLEMAN,,,,
BDF,Yielden,St Fictional PR,,,13 Oct 1776,John,M,Joshua,Elizabeth,CHETTLE,,,,
BDF,Yielden,St Fictional PR,,,03 Nov 1776,,M,Joseph,Elizabeth,WADSWORTH,,,,Name is blank
BDF,Yielden,St Fictional PR,,,15 Dec 1776,Jane,F,Richard,Jane,GADSBY,,,,
BDF,Yielden,St Fictional PR,,,11 May 1777,William,M,John,Lucy,DEACON,,,,Written above Bateman struck through
BDF,Yielden,St Fictional PR,,,16 Oct 1777,Thomas,M,Samuel,Elizabeth,RHODES,,,,
BDF,Yielden,St Fictional PR,,,26 Oct 1777,Mary,F,Joseph,Mary,CHARLES,,,,
BDF,Yielden,St Fictional PR,,,11 Jan 1778,Thomas,M,Richard,Hannah,JOLLY,,,,
BDF,Yielden,St Fictional PR,,,31 May 1778,Ann,F,Joshua,Elizabeth,CHETTLE,,,,
BDF,Yielden,St Fictional PR,,,11 Oct 1778,James,M,Henry,Ann,EAGLE,,,,
BDF,Yielden,St Fictional PR,,,04 Apr 1779,Thomas,M,John,Mary,COLEMAN,,,,
BDF,Yielden,St Fictional PR,,,18 Apr 1779,Hannah,F,John,Hannah,REENES,,,,
BDF,Yielden,St Fictional PR,,,18 Oct 1779,William,M,Joseph,Mary,CHARLES,,,,
BDF,Yielden,St Fictional PR,,,25 Dec 1779,Rebecca,F,William,Rebecca,WILLIAMSON,,,,
BDF,Yielden,St Fictional PR,,,30 Jan 1780,William,M,Richard,Mary,YOARK,,,,
BDF,Yielden,St Fictional PR,,,29 May 1780,Samuel,M,John,Lucy,DEACON,,,,
BDF,Yielden,St Fictional PR,,,11 Jun 1780,Sarah,F,Joshua,Elizabeth,CHETTLE,,,,
BDF,Yielden,St Fictional PR,,,30 Jun 1780,John,M,William,Ursula,GOODMAN,,,,
BDF,Yielden,St Fictional PR,,,11 Feb 1781,William,M,Henry,Ann,EAGLE,,,,
BDF,Yielden,St Fictional PR,,,25 Jun 1781,John,M,John,Elizabeth,YOARK,,,,
BDF,Yielden,St Fictional PR,,,22 Jul 1781,Peter,M,Richard,Mary,YOARK,,,,
BDF,Yielden,St Fictional PR,,,22 Jul 1781,Sarah,F,Joseph,Mary,CHARLES,,,,
BDF,Yielden,St Fictional PR,,,14 Oct 1781,Elizabeth,F,Jonathan,Dinah,BURGE,,,,
BDF,Yielden,St Fictional PR,,,08 Nov 1781,William,M,Thomas,Margaret,EADS,,,,
BDF,Yielden,St Fictional PR,,,01 Apr 1782,Thomas,M,Thomas,Sarah,WYLDE,,,,
BDF,Yielden,St Fictional PR,,,09 Jun 1782,Peter,M,Peter,Sarah,CREAK,,,,Mr Peter CREAK
BDF,Yielden,St Fictional PR,,,13 Oct 1782,Elizabeth,F,John,Elizabeth,YORK,,,,
BDF,Yielden,St Fictional PR,,,24 Nov 1782,Mary,F,Thomas,Margaret,EADS,,,,
BDF,Yielden,St Fictional PR,,,19 Jan 1783,Maria,F,William,Rebecca,WILLIAMSON,,,,
BDF,Yielden,St Fictional PR,,,20 Apr 1783,Timothy,M,George,Hannah,RINGROSE,,,,
BDF,Yielden,St Fictional PR,,,12 Oct 1783,William,M,Thomas,Alice,COLEMAN,,,,
BDF,Yielden,St Fictional PR,,,07 Dec 1783,William,M,William,Rebecca,WILLIAMSON,,,,
BDF,Yielden,St Fictional PR,,,25 May 1784,Mary,F,John,Elizabeth,YORK,,,,
BDF,Yielden,St Fictional PR,,,17 Oct 1784,Thomas,M,Richard,Hannah,JELLY,,,,
BDF,Yielden,St Fictional PR,,,11 Nov 1784,James,M,Joshua,Elizabeth,CHETTLE,,,,
BDF,Yielden,St Fictional PR,,,24 Dec 1784,Edward,M,Edward,Kezia,CRICK,,,,
BDF,Yielden,St Fictional PR,,,26 Dec 1784,Joseph,M,Thomas,Alice,COLEMAN,,,,
BDF,Yielden,St Fictional PR,,,24 Apr 1785,Elizabeth,F,Samuel,Elizabeth,OSBORN,,,,
BDF,Yielden,St Fictional PR,,,25 May 1785,Margaret,F,Thomas,Margaret,EADES,,,,
BDF,Yielden,St Fictional PR,,,15 Jun 1785,James,M,,Mary,,UNDERWOOD,,,illegitimate
BDF,Yielden,St Fictional PR,,,05 Jul 1785,Thomas,M,,Martha,,HENMAN,,,illegitimate
BDF,Yielden,St Fictional PR,,,17 Jul 1785,Thomas,M,Abbot,Mary,CARTER,,,,
BDF,Yielden,St Fictional PR,,,17 Jul 1785,Hannah,F,John,Elizabeth,YORK,,,,
BDF,Yielden,St Fictional PR,,,21 Aug 1785,William,M,,,WILLIAMSON,,,,senior; an adult
BDF,Yielden,St Fictional PR,,,01 Sep 1786,Mary,F,George,Hannah,RINGROSE,,,,
BDF,Yielden,St Fictional PR,,,04 Oct 1786,Mary A,F,Charles,Elizabeth,THOMAS,,,grocer,Register has Mary Ann
BDF,Yielden,St Fictional PR,,,09 Dec 1786,William,M,Thomas,Sarah,WYLDE,,,,
BDF,Yielden,St Fictional PR,,,28 Dec 1786,Jane,F,John,Elizabeth,YORK,,,,
BDF,Yielden,St Fictional PR,,,07 Jan 1787,Hannah,F,William,Rebecca,WILLIAMSON,,,,William is deceased and Rebecca occurs only in B.T.
BDF,Yielden,St Fictional PR,,,06 Feb 1787,Edward,M,Edward,Sarah,BUNTING,,,rector of this parish.,
BDF,Yielden,St Fictional PR,,,02 Apr 1787,Alice,F,Joshua,Elizabeth,CHETTLE,,,,
BDF,Yielden,St Fictional PR,,,08 Jul 1787,John,M,Thomas,Alice,COLEMAN,,,,
BDF,Yielden,St Fictional PR,,,15 Jul 1787,Samuel R,M,Samuel,Elizabeth,OSBORN,,,,Register has Samuel Rogers
BDF,Yielden,St Fictional PR,,,15 Feb 1788,Maria,F,,Elizabeth,PENTLOE,,,,
BDF,Yielden,St Fictional PR,,,03 Mar 1788,Hannah,F,George,Hannah,RINGROSE,,,,
BDF,Yielden,St Fictional PR,,,17 Mar 1788,Martha,F,Edward,Sarah,BUNTING,,,rector,
BDF,Yielden,St Fictional PR,,,25 Mar 1788,William,M,John,Elizabeth,YORK,,,,
BDF,Yielden,St Fictional PR,,,06 May 1788,William F,M,Charles,Elizabeth,THOMAS,,,grocer,Register has William Francis and Mr Charles THOMAS
BDF,Yielden,St Fictional PR,,,07 Jul 1788,Charlotte,F,William,Alice,MARSHALL,,,,
BDF,Yielden,St Fictional PR,,,13 Oct 1788,Philip W,M,Thomas,Margaret,EADES,,,,Register has Philip White
BDF,Yielden,St Fictional PR,,,22 Mar 1789,Thomas,M,George,Hannah,RINGROSE,,,,
BDF,Yielden,St Fictional PR,,,29 Mar 1789,Charlotte,F,Edward,Sarah,BUNTING,,,rector,
BDF,Yielden,St Fictional PR,,,06 May 1789,Susan,F,,Mary,,UNDERWOOD,,,illegitimate
BDF,Yielden,St Fictional PR,,,31 May 1789,Robert,M,Thomas,Alice,COLEMAN,,,,
BDF,Yielden,St Fictional PR,,,12 Jul 1789,William,M,Samuel,Elizabeth,OSBORN,,,,
BDF,Yielden,St Fictional PR,,,23 Jul 1789,Edward,M,Benjamin,Hannah,CHARLES,,,,
BDF,Yielden,St Fictional PR,,,13 Oct 1789,Benjamin L,M,Joshua,Elizabeth,CHETTLE,,,farmer,Register has Benjamin Leverett
BDF,Yielden,St Fictional PR,,,06 Apr 1790,Sarah,F,Edward,Sarah,BUNTING,,,rector,
BDF,Yielden,St Fictional PR,,,13 Apr 1790,Jane,F,Henry,Ann,EAGLE,,,,
BDF,Yielden,St Fictional PR,,,22 Jun 1790,Elizabeth,F,Richard,Mary,WHITNEY,,,,
BDF,Yielden,St Fictional PR,,,07 Jul 1790,Elizabeth,F,William,Sarah,WILLIAMSON,,,,
BDF,Yielden,St Fictional PR,,,18 Oct 1790,Elizabeth,F,Henry,Ann,EAGLE,,,,
BDF,Yielden,St Fictional PR,,,18 Oct 1790,Jane,F,Henry,Ann,EAGLE,,,,
BDF,Yielden,St Fictional PR,,,19 Oct 1790,Alice,F,William,Alice,MARSHALL,,,miller,
BDF,Yielden,St Fictional PR,,,13 Dec 1790,Mary A,F,Alex,Elizabeth,YORK,,,,Register has Mary Ann
BDF,Yielden,St Fictional PR,,,27 Feb 1791,Harriet,F,Charles,Elizabeth,THOMAS,,,,Mr Charles THOMAS
BDF,Yielden,St Fictional PR,,,16 Nov 1790,John,M,George,Hannah,RINGROSE,,,,
BDF,Yielden,St Fictional PR,,,03 Apr 1791,Elizabeth,F,Benjamin,Hannah,CHARLES,,,,
BDF,Yielden,St Fictional PR,,,19 May 1791,William,M,,Susan,,BARNS,,,illegitimate
BDF,Yielden,St Fictional PR,,,18 Jun 1791,Elizabeth,F,Thomas,Alice,COLEMAN,,,,
BDF,Yielden,St Fictional PR,,09 Jul 1791,17 Jul 1791,Edward S,M,Edward,Sarah,BUNTING,,,rector,Register has Edward Swanton
BDF,Yielden,St Fictional PR,,,19 Sep 1791,Hannah,F,Joseph,Susan,LYNN,,,,
BDF,Yielden,St Fictional PR,,,16 Oct 1791,Joseph,M,Richard,Hannah,JELLY,,,,
BDF,Yielden,St Fictional PR,,,17 Oct 1791,Thomas,M,William,Sarah,WILLIAMSON,,,,
BDF,Yielden,St Fictional PR,,,17 Apr 1792,Elizabeth,F,Alex,Elizabeth,YORK,,,,
BDF,Yielden,St Fictional PR,,17 Jul 1792,19 Aug 1792,Deborah,F,Edward,Sarah,BUNTING,,,rector,
BDF,Yielden,St Fictional PR,,,05 Sep 1792,George S,M,Charles,Elizabeth,THOMAS,,,,Register has George Scroffield and Mr Charles THOMAS
BDF,Yielden,St Fictional PR,,,14 Oct 1792,James,M,Samuel,Elizabeth,OSBORN,,,,Mr Samuel OSBORN
BDF,Yielden,St Fictional PR,,,25 Nov 1792,Mary,F,Benjamin,Hannah,CHARLES,,,,
BDF,Yielden,St Fictional PR,,,13 Jan 1793,John,M,,Mary,,BROWN,,,a travelling woman
BDF,Yielden,St Fictional PR,,,02 Feb 1793,Henry,M,Thomas,Alice,COLEMAN,,,,
BDF,Yielden,St Fictional PR,,,16 Jun 1793,Mary,F,Henry,Ann,EAGLE,,,,
BDF,Yielden,St Fictional PR,,,21 Jun 1793,Elizabeth,F,Richard,Hannah,CROW,,,,
BDF,Yielden,St Fictional PR,,,08 Jul 1793,Peter,M,Edward,Sarah,BUNTING,,,rector,
BDF,Yielden,St Fictional PR,,,18 Jul 1793,Jane,F,Edward,Susan,CRICK,,,,
BDF,Yielden,St Fictional PR,,,13 Oct 1793,Matthew,M,Alex,Elizabeth,YORK,,,,
BDF,Yielden,St Fictional PR,,,13 Oct 1793,Benjamin,M,Thomas,Ann,CHARLES,,,,
BDF,Yielden,St Fictional PR,,,26 Nov 1793,Francis,M,Joseph,Susan,LYNN,,,,
BDF,Yielden,St Fictional PR,,,13 Jan 1794,John,M,William,Sarah,WILLIAMSON,,,,
BDF,Yielden,St Fictional PR,,,12 Feb 1794,Henry W,M,James,Ann,CHAMBER,,,grocer,Register has Henry William and Mr James CHAMBER
BDF,Yielden,St Fictional PR,,,21 Apr 1794,Francis,M,Benjamin,Hannah,CHARLES,,,,
BDF,Yielden,St Fictional PR,,,26 Apr 1794,James,M,Richard,Hannah,JELLY,,,,
BDF,Yielden,St Fictional PR,,,05 Jun 1794,Susan,F,,,WADSWORTH,,,,
BDF,Yielden,St Fictional PR,,18 Sep 1794,29 Sep 1794,John,M,Edward,Sarah,BUNTING,,,rector,
BDF,Yielden,St Fictional PR,,,13 Oct 1794,Charles,M,Thomas,Alice,COLEMAN,,,,
BDF,Yielden,St Fictional PR,,,04 Mar 1795,Joseph,M,Thomas,Ann,CHARLES,,,,
BDF,Yielden,St Fictional PR,,,06 Apr 1795,George,M,Samuel,Elizabeth,OSBORN,,,,
BDF,Yielden,St Fictional PR,,,06 Apr 1795,William,M,Alex,Elizabeth,YORK,,,,Mr Alex YORK
BDF,Yielden,St Fictional PR,,,19 Aug 1795,Ann,F,Edward,Susan,CRICK,,,,
BDF,Yielden,St Fictional PR,,,23 Aug 1795,John,M,James,Ann,CHAMBERLAIN,,,,
BDF,Yielden,St Fictional PR,,,29 Sep 1795,John,M,William,Ann,BASS,,,butcher,
BDF,Yielden,St Fictional PR,,,12 Oct 1795,Ann,F,Thomas,Alice,COLEMAN,,,,
BDF,Yielden,St Fictional PR,,,04 Jan 1796,William,M,Benjamin,Hannah,CHARLES,,,,Mr Benjamin CHARLES
BDF,Yielden,St Fictional PR,,,17 Jan 1796,Mary,F,Joseph,Susan,LYNN,,,,
BDF,Yielden,St Fictional PR,,,17 Jan 1796,John,M,Henry,Phyllis,WHITE,,,,
BDF,Yielden,St Fictional PR,,,20 Feb 1796,Mary,F,William,Margaret,CLARRIDGE,,,,
BDF,Yielden,St Fictional PR,,,07 Jan 1796,Henry,M,,Elizabeth,,BASS,,,
BDF,Yielden,St Fictional PR,,,02 Jun 1796,Joseph,M,John,Mary,PICK,,,,
BDF,Yielden,St Fictional PR,,,18 Jun 1796,Hannah,F,Alex,Elizabeth,YORK,,,,Mr Alex YORK
BDF,Yielden,St Fictional PR,,,14 Jul 1796,Elizabeth,F,Richard,Mary,JELLY,,,,
BDF,Yielden,St Fictional PR,,,16 Oct 1796,Sarah,F,Richard,Hannah,CROW,,,,
BDF,Yielden,St Fictional PR,,,18 Dec 1796,Hannah,F,,Mary,CLARK,,,,
BDF,Yielden,St Fictional PR,,,06 Feb 1797,Ann,F,Thomas,Ann,CHARLES,,,,
BDF,Yielden,St Fictional PR,,,22 Apr 1797,Thomas,M,Joseph,Hannah,RODDIS,,,,
BDF,Yielden,St Fictional PR,,,25 Apr 1797,William,M,William,Ann,BASS,,,,
BDF,Yielden,St Fictional PR,,,18 May 1797,Richard,M,William,Margaret,CLARRIDGE,,,,
BDF,Yielden,St Fictional PR,,,02 Jun 1797,Benjamin,M,Benjamin,Hannah,CHARLES,,,,Mr Benjamin CHARLES
BDF,Yielden,St Fictional PR,,,24 Sep 1797,William,M,,,WHITE,,,,
BDF,Yielden,St Fictional PR,,,15 Oct 1797,Rebecca,F,Henry,Phyllis,WHITE,,,,
BDF,Yielden,St Fictional PR,,,25 Dec 1797,Thomas,M,Richard,Mary,JELLY,,,,
BDF,Yielden,St Fictional PR,,,16 Jan 1798,Margaret,F,Alex,Elizabeth,YORK,,,,Mr Alex YORK
BDF,Yielden,St Fictional PR,,,10 Feb 1798,Charlotte,F,William,Ann,BASS,,,,
BDF,Yielden,St Fictional PR,,,25 Feb 1798,William,M,John,Mary,PICK,,,,
BDF,Yielden,St Fictional PR,,,08 Apr 1798,Mary,F,John,Mary,MARSHALL,,,,
BDF,Yielden,St Fictional PR,,,17 Jun 1798,William,M,James,Ann,CHAMBERLAIN,,,,
BDF,Yielden,St Fictional PR,,,12 Jul 1798,Charles,M,Thomas,Ann,CHARLES,,,,
BDF,Yielden,St Fictional PR,,,15 Oct 1798,Elizabeth,F,Joseph,Susan,LYNN,,,,
BDF,Yielden,St Fictional PR,,,15 Oct 1798,Charlotte,F,James,Ann,CHAMBER,,,,Mr James CHAMBER
BDF,Yielden,St Fictional PR,,,16 Oct 1798,Thomas,M,William,Sarah,WILLIAMSON,,,,
BDF,Yielden,St Fictional PR,,,13 Feb 1799,John,M,Joseph,Susan,CHARLES,,,,junior
BDF,Yielden,St Fictional PR,,,01 Mar 1799,Elizabeth,F,William,Margaret,CLARRIDGE,,,,
BDF,Yielden,St Fictional PR,,,30 Mar 1799,Charlotte,F,Alex,Elizabeth,YORK,,,,Mr Alex YORK
BDF,Yielden,St Fictional PR,,,19 May 1799,Charles,M,Henry,Phyllis,WHITE,,,,
BDF,Yielden,St Fictional PR,,,19 May 1799,Joseph,M,Joseph,Mary,PICK,,,,
BDF,Yielden,St Fictional PR,,,12 May 1799,Ann,F,Samuel,Elizabeth,HODGKINS,,,,
BDF,Yielden,St Fictional PR,,,15 Oct 1799,Joshua S,M,John,Mary,MARSHALL,,,,Register has Joshua Samwell
BDF,Yielden,St Fictional PR,,,25 Jan 1800,Peter C,M,Edward,Sarah,BUNTING,,,rector,Register has Peter Creak
BDF,Yielden,St Fictional PR,,,24 Mar 1800,Richard,M,Joseph,Susan,CHARLES,,,,junior
BDF,Yielden,St Fictional PR,,,25 Jun 1800,Elizabeth,F,Joseph,Hannah,RODDIS,,,,
BDF,Yielden,St Fictional PR,,,21 Aug 1800,Hannah,F,,Sarah,,WILLIAMSON,,,Mother noted as deceased
BDF,Yielden,St Fictional PR,,,16 Sep 1800,George,M,William,Margaret,CLARRIDGE,,,,Mr William CLARRIDGE
BDF,Yielden,St Fictional PR,,,25 Dec 1800,John,M,Henry,Phyllis,WHITE,,,,
BDF,Yielden,St Fictional PR,,,27 Feb 1801,William C,M,Thomas,Mary,WILLIAMSON,,,,Register has William Coleman
BDF,Yielden,St Fictional PR,,,29 Mar 1801,Mary,F,,Mary,,BALE,,,illegitimate
BDF,Yielden,St Fictional PR,,,26 Apr 1801,Rebecca,F,Alex,Elizabeth,YORK,,,,
BDF,Yielden,St Fictional PR,,,20 Mar 1802,Mary,F,Thomas,Esther,COLEMAN,,,,
BDF,Yielden,St Fictional PR,,,28 Feb 1802,Sarah,F,Edward,Mary,HODSON,,,,
BDF,Yielden,St Fictional PR,,,10 May 1802,William,M,Thomas,Ann,WAGSTAFFE,,,,
BDF,Yielden,St Fictional PR,,,30 May 1802,Mary,F,Samuel,Elizabeth,HODGKINS,,,,
BDF,Yielden,St Fictional PR,,,25 Jun 1802,Elizabeth,F,William,Ann,BASS,,,,
BDF,Yielden,St Fictional PR,,,31 Aug 1802,James,M,James,Sarah,COLES,,,,Mother's name Mary in B.T.
BDF,Yielden,St Fictional PR,,,14 Sep 1802,Rebecca,F,Alex,Elizabeth,YORK,,,,Mr Alex YORK
BDF,Yielden,St Fictional PR,,,04 Nov 1802,George C,M,William,Elizabeth,CLARRIDGE,,,,Mr William CLARRIDGE
BDF,Yielden,St Fictional PR,,,28 Nov 1802,Charles,M,Joseph,Susan,CHARLES,,,,
BDF,Yielden,St Fictional PR,,,30 Nov 1802,Elizabeth,F,John,Mary,MARSHALL,,,,
BDF,Yielden,St Fictional PR,,,31 Dec 1802,Joseph,M,Benjamin,Hannah,CHARLES,,,,Mr Benjamin CHARLES
BDF,Yielden,St Fictional PR,,,31 Dec 1802,Sarah,F,Benjamin,Hannah,CHARLES,,,,Mr Benjamin CHARLES
BDF,Yielden,St Fictional PR,,,31 Dec 1802,Sophia,F,Benjamin,Hannah,CHARLES,,,,Mr Benjamin CHARLES
BDF,Yielden,St Fictional PR,,,10 Apr 1803,John,M,William,Ann,JOLLY,,,,
BDF,Yielden,St Fictional PR,,,10 Apr 1803,Elizabeth,F,Thomas,Mary,WILLIAMSON,,,,
BDF,Yielden,St Fictional PR,,,18 Jul 1803,James,M,Thomas,Ann,WAGSTAFFE,,,,twin of Thomas
BDF,Yielden,St Fictional PR,,,18 Jul 1803,Thomas,M,Thomas,Ann,WAGSTAFFE,,,,twin of James
BDF,Yielden,St Fictional PR,,,17 Sep 1803,Joseph,M,Henry,Phyllis,WHITE,,,,twin of Benjamin
BDF,Yielden,St Fictional PR,,,17 Sep 1803,Benjamin,M,Henry,Phyllis,WHITE,,,,twin of Joseph
BDF,Yielden,St Fictional PR,,,24 Nov 1803,Thomas,M,Thomas,Esther,COLEMAN,,,,
BDF,Yielden,St Fictional PR,,,05 Dec 1803,Susan,F,Edward,Sarah,BUNTING,,,rector,
BDF,Yielden,St Fictional PR,,,22 Dec 1803,Rebecca,F,William,Sarah,WILLIAMSON,,,,
BDF,Yielden,St Fictional PR,,,28 Feb 1804,Sophia,F,William,Ann,BASS,,,,
BDF,Yielden,St Fictional PR,,,12 Apr 1804,John,M,Samuel,Sarah,HODGKINS,,,,
BDF,Yielden,St Fictional PR,,,21 May 1804,Maria,F,Edward,Mary,HODSON,,,,
BDF,Yielden,St Fictional PR,,,16 Oct 1804,Mary A,F,Thomas,Mary,WILLIAMSON,,,,Register has Mary Ann
BDF,Yielden,St Fictional PR,,,19 Oct 1804,Margaret,F,William,Margaret,CLARRIDGE,,,,Mr William CLARRIDGE
BDF,Yielden,St Fictional PR,,,01 Dec 1804,John,M,James,Sarah,COLES,,,,
BDF,Yielden,St Fictional PR,,,20 Jan 1805,William,M,Joseph,Susan,LYNN,,,,
BDF,Yielden,St Fictional PR,,,16 Apr 1805,Elizabeth,F,Thomas,Ann,WAGSTAFFE,,,,
BDF,Yielden,St Fictional PR,,,26 Apr 1805,Mary,F,Joseph,Susan,CHARLES,,,,
BDF,Yielden,St Fictional PR,,,12 May 1805,Mary,F,James,Ann,CHAMBERLAIN,,,,
BDF,Yielden,St Fictional PR,,,06 Aug 1805,Elizabeth,F,Samuel,Sarah,HODGKINS,,,,
BDF,Yielden,St Fictional PR,,,19 Jan 1806,John,M,Thomas,Mary,WILLIAMSON,,,,
BDF,Yielden,St Fictional PR,,,09 Feb 1806,Frances M,F,John,Mary,MAHEW,,,,Register has Frances Mary
BDF,Yielden,St Fictional PR,,,02 Mar 1806,John,M,John,Sarah,WYLDE,,,,
BDF,Yielden,St Fictional PR,,,30 Mar 1806,George,M,William,Ann,JOLLY,,,,
BDF,Yielden,St Fictional PR,,,30 Mar 1806,Mary,F,Edward,Mary,HODSON,,,,
BDF,Yielden,St Fictional PR,,,12 Oct 1806,Sarah,F,Thomas,Mary,HOLLOWAY,,,,
BDF,Yielden,St Fictional PR,,,13 Oct 1806,Rebecca,F,William,Ann,BASS,,,,
BDF,Yielden,St Fictional PR,,,24 Feb 1807,Elizabeth,F,Thomas,Elizabeth,UNDERWOOD,,,,Mr Thomas UNDERWOOD
BDF,Yielden,St Fictional PR,,,26 Feb 1807,Joshua,M,William,Margaret,CLARRIDGE,,,,Mr William CLARRIDGE
BDF,Yielden,St Fictional PR,,,28 Apr 1807,Susan,F,Alex,Elizabeth,YORK,,,,Mr Alex YORK
BDF,Yielden,St Fictional PR,,,06 Aug 1807,Rebecca,F,Thomas,Mary,WILKINS,,,,
BDF,Yielden,St Fictional PR,,,19 Oct 1807,Elizabeth,F,Samuel,Sarah,HODGKINS,,,,
BDF,Yielden,St Fictional PR,,,19 Oct 1807,Elizabeth,F,James,Sarah,COLES,,,,
BDF,Yielden,St Fictional PR,,,17 Apr 1808,Susan,F,Joseph,Susan,CHARLES,,,,
BDF,Yielden,St Fictional PR,,,20 Jun 1808,Thomas,M,Thomas,Ann,WAGSTAFFE,,,,
BDF,Yielden,St Fictional PR,,,19 Aug 1808,Alice,F,Edward,Mary,HODSON,,,,
BDF,Yielden,St Fictional PR,,,17 Oct 1808,Hannah,F,Thomas,Sophia,RICHARDSON,,,,
BDF,Yielden,St Fictional PR,,,17 Oct 1808,Thomas,M,Thomas,Esther,COLEMAN,,,,
BDF,Yielden,St Fictional PR,,,17 Oct 1808,John,M,Thomas,Esther,COLEMAN,,,,
BDF,Yielden,St Fictional PR,,,17 Oct 1808,Sarah,F,Thomas,Mary,WILLIAMSON,,,,
BDF,Yielden,St Fictional PR,,,17 Oct 1808,Peter,M,William,Ann,JOLLY,,,,
BDF,Yielden,St Fictional PR,,,17 Oct 1808,John,M,William,Hannah,COWLEY,,,,
BDF,Yielden,St Fictional PR,,,05 Feb 1809,Charles,M,Thomas,Ann,WILDE,,,,privately
BDF,Yielden,St Fictional PR,,,05 Feb 1809,Mary,F,Robert,Ann,SHORTLAND,,,,
BDF,Yielden,St Fictional PR,,,16 Oct 1809,Sarah,F,Samuel,Elizabeth,BURGIS,,,,
BDF,Yielden,St Fictional PR,,,16 Oct 1809,Charles,M,Thomas,Ann,WYLD,,,,privately
BDF,Yielden,St Fictional PR,,,16 Oct 1809,Thomas,M,Thomas,Hannah,CARTER,,,,
BDF,Yielden,St Fictional PR,,,29 Oct 1809,Jeremiah,M,William,Margaret,CLARIDGE,,,,
BDF,Yielden,St Fictional PR,,,05 Feb 1810,Joseph,M,Joseph,Sarah,SMITH,,,,aged 14 years
BDF,Yielden,St Fictional PR,,,05 Feb 1810,Mary,F,Joseph,Sarah,SMITH,,,,aged 6
BDF,Yielden,St Fictional PR,,27 Feb 1810,25 Mar 1810,Thomas,M,Thomas,Sophia,RICHARDSON,,,,
BDF,Yielden,St Fictional PR,,23 Feb 1810,22 Apr 1810,Letty,F,William,Hannah,COWLEY,,,,
BDF,Yielden,St Fictional PR,,01 Jan 1810,22 Apr 1810,Anna,F,Joseph,Susan,CHARLES,,,,
BDF,Yielden,St Fictional PR,,12 Nov 1809,20 May 1810,Mary,F,John,Sarah,WYLDE,,,,
BDF,Yielden,St Fictional PR,,16 Apr 1810,27 May 1810,Jane,F,Henry,Phyllis,WHITE,,,,
BDF,Yielden,St Fictional PR,,04 Jan 1810,27 May 1810,William,M,Samuel,Sarah,HODGKINS,,,,
BDF,Yielden,St Fictional PR,,24 Aug 1810,15 Oct 1810,Reuben,M,Thomas,Mary,WILLIAMSON,,,,
BDF,Yielden,St Fictional PR,,15 Apr 1810,15 Oct 1810,Phoebe,F,Thomas,Esther,COLMAN,,,,
BDF,Yielden,St Fictional PR,,13 Jun 1810,21 Jan 1811,Newman,M,Thomas,Ann,WAGSTAFFE,,,,
BDF,Yielden,St Fictional PR,,,03 Mar 1811,Sarah,F,Robert,Ann,SHORTLAND,,,,
BDF,Yielden,St Fictional PR,,,09 Jun 1811,Mary,F,William,Alice,YORK,,,,privately
BDF,Yielden,St Fictional PR,,,14 Apr 1811,Joseph,M,Thomas,Mary,HOLLOWAY,,,,
BDF,Yielden,St Fictional PR,,,16 Jun 1811,Emily,F,George,Elizabeth,WHITNEY,,,,privately
BDF,Yielden,St Fictional PR,,,13 Oct 1811,Robert,M,Henry,Phyllis,WHITE,,,,infant
BDF,Yielden,St Fictional PR,,,13 Oct 1811,Eliza,F,Thomas,Ann,WILDE,,,,infant
BDF,Yielden,St Fictional PR,,,19 Oct 1812,John,M,William,Hannah,COWLEY,,,,
BDF,Yielden,St Fictional PR,,,19 Oct 1812,John,M,Thomas,Sophia,RICHARDSON,,,,
BDF,Yielden,St Fictional PR,,,19 Oct 1812,Sarah,F,William,Ann,BASS,,,,
BDF,Yielden,St Fictional PR,,,19 Oct 1812,Hannah,F,William,Ann,BASS,,,,
BDF,Yielden,St Fictional PR,,,19 Oct 1812,John,M,Samuel,Sarah,HODGKINS,,,,
BDF,Yielden,St Fictional PR,,,19 Oct 1812,Elizabeth,F,Joseph,Susan,CHARLES,,,,
